epochs,iterations,f_dsea,f_true,loss,acc
1,1,"[0.16803111 0.15195911 0.13362196 0.12216543 0.10062421 0.08726469 0.07781194 0.0624004  0.0541346  0.04198655]","[0.146196 0.246966 0.223892 0.158496 0.100714 0.058046 0.032806 0.01794 0.009612 0.005332]",[0.04212296],[0.33364844]
1,3,"[0.19931409 0.21114018 0.17011571 0.12907059 0.10717964 0.07026883 0.05004183 0.02904741 0.02005308 0.01376864]","[0.147248 0.246614 0.223118 0.158584 0.099836 0.058464 0.033062 0.018266 0.00954  0.005268]",[0.04196086 0.06503221 0.09184894],[0.33898696 0.36334828 0.37227213]
1,6,"[0.17065976 0.22413648 0.2039722  0.15111793 0.10121058 0.07110334 0.03863405 0.02157858 0.01162856 0.00595852]","[0.147248 0.246614 0.223118 0.158584 0.099836 0.058464 0.033062 0.018266 0.00954  0.005268]",[0.04200643 0.06733521 0.09655902 0.11431593 0.12605582 0.13619055],[0.33415616 0.36056608 0.3722656  0.37920016 0.38294408 0.38378388]
1,12,"[0.1616604  0.24092886 0.20596241 0.15463744 0.11390563 0.05675429 0.03169064 0.02068888 0.00825784 0.00551361]","[0.14533  0.246614 0.223058 0.159512 0.100358 0.059094 0.033028 0.018238 0.009528 0.00524 ]","[0.04215153 0.0685264  0.08737657 0.10733127 0.12456768 0.13403037 0.13878442 0.1417769  0.14756996 0.15129617 0.14830266 0.14744615]","[0.33234563 0.35757762 0.36549634 0.37298384 0.38066262 0.38264665 0.38489088 0.38596204 0.38627118 0.3870402  0.38677427 0.38777372]"
1,16,"[0.12792817 0.2612159  0.21381265 0.1631749  0.1033788  0.06911125 0.02954349 0.01667815 0.00943377 0.00572292]","[0.14533  0.246614 0.223058 0.159512 0.100358 0.059094 0.033028 0.018238 0.009528 0.00524 ]","[0.04209982 0.06736613 0.094465   0.11565775 0.12794276 0.13728774 0.14395992 0.14611892 0.14801095 0.14717629 0.14822008 0.15314289 0.1487057  0.14989395 0.1524098  0.15360631]","[0.3354582  0.36494407 0.3773955  0.38204768 0.3833597  0.3852256 0.38606316 0.3858786  0.3873492  0.38652486 0.38721856 0.38689232 0.38615942 0.38752672 0.38746187 0.38735354]"
1,20,"[0.14584539 0.23052192 0.23865434 0.16652178 0.10690572 0.05107916 0.02839578 0.01813342 0.00881214 0.00513034]","[0.14533  0.246614 0.223058 0.159512 0.100358 0.059094 0.033028 0.018238 0.009528 0.00524 ]","[0.0420991  0.06704061 0.09487374 0.11662196 0.12582697 0.13304167 0.1390448  0.14158376 0.14650816 0.14461394 0.14685659 0.14902575 0.15015224 0.14682317 0.14815895 0.14853355 0.14683489 0.14644829 0.14812055 0.14933579]","[0.33451724 0.36291304 0.37295973 0.3796034  0.38285008 0.38481155 0.38535136 0.38633627 0.38752338 0.38759476 0.3878864  0.38787046 0.38824573 0.3879747  0.38880464 0.38900596 0.38939664 0.38926268 0.38969254 0.38959536]"
4,1,"[0.15883992 0.16270973 0.14139439 0.11731861 0.10501301 0.08655522 0.07474253 0.06081931 0.05056623 0.04204105]","[0.14533  0.246614 0.223058 0.159512 0.100358 0.059094 0.033028 0.018238 0.009528 0.00524 ]",[0.04218533 0.04164778 0.04144772 0.04134025],[0.32923838 0.3453028  0.3492755  0.3508737 ]
4,3,"[0.18543438 0.20313264 0.18272028 0.14459921 0.10619053 0.07388041 0.04447877 0.02878112 0.01787717 0.01290549]","[0.14533  0.246614 0.223058 0.159512 0.100358 0.059094 0.033028 0.018238 0.009528 0.00524 ]","[0.04203687 0.04165126 0.04145483 0.04134449 0.0701981  0.07012523 0.07008332 0.07005291 0.09421062 0.09415183 0.09412919 0.09410678]","[0.33486602 0.34454095 0.3490598  0.351171   0.37085173 0.37146056 0.37187937 0.37207893 0.37706348 0.37710395 0.37726608 0.37747008]"
4,6,"[0.1693314  0.23666707 0.20591956 0.15111717 0.10306261 0.06146654 0.03572305 0.01814196 0.01271279 0.00585784]","[0.14533  0.246614 0.223058 0.159512 0.100358 0.059094 0.033028 0.018238 0.009528 0.00524 ]","[0.04210997 0.04160426 0.04141998 0.04133585 0.06738201 0.06731467 0.06727484 0.06724423 0.09416404 0.09412678 0.09409467 0.09407011 0.1153096  0.11526257 0.11522281 0.11517247 0.12954453 0.1294812 0.12943959 0.12940908 0.13684618 0.13681216 0.13678574 0.13676725]","[0.33574238 0.34587383 0.34898874 0.3506889  0.3678341  0.3686688 0.36915457 0.3695107  0.37786788 0.37807515 0.37819636 0.3785169 0.38248873 0.38280666 0.38303396 0.3832533  0.38578007 0.3860113 0.3862173  0.38637975 0.3882065  0.38827085 0.3884117  0.3885098 ]"
4,12,"[0.14654593 0.24296414 0.22005481 0.17119686 0.09549865 0.05734285 0.03365363 0.01730424 0.0094931  0.00594579]","[0.14533  0.246614 0.223058 0.159512 0.100358 0.059094 0.033028 0.018238 0.009528 0.00524 ]","[0.04205894 0.04165358 0.0414676  0.04135717 0.07242108 0.07233999 0.07229917 0.0722631  0.09927244 0.09922828 0.09920125 0.09917563 0.11638893 0.11635468 0.11632786 0.11630323 0.13107824 0.13103083 0.13098364 0.13094057 0.13921497 0.13917539 0.13914564 0.13910914 0.1451826  0.14515907 0.14513638 0.14511226 0.14472263 0.14470538 0.14468579 0.14466565 0.14698169 0.14696046 0.14694968 0.14693586 0.14693175 0.1469174  0.1469042  0.14689358 0.14703271 0.147018 0.1470127  0.14700291 0.14613521 0.14612983 0.14611648 0.14611268]","[0.33579516 0.34464872 0.34814864 0.3505124  0.37140164 0.37218392 0.3727397  0.37301913 0.38079727 0.38101777 0.3811756  0.3813193 0.38353163 0.3837204  0.3838581  0.3839744  0.38657004 0.3867261 0.387063   0.38731518 0.38836974 0.38860908 0.38879257 0.38889143 0.3905585  0.39070764 0.39083555 0.39082995 0.3908391  0.39088944 0.3909992  0.39110073 0.391151   0.3912501  0.39129427 0.3912982 0.3915271  0.3915715  0.39162236 0.3916047  0.39142153 0.39150304 0.3914361  0.3915952  0.3919197  0.39199618 0.39210075 0.39212084]"
4,16,"[0.15212299 0.24931399 0.20974078 0.16279575 0.10365599 0.0605692 0.02994362 0.01575565 0.01037287 0.00572916]","[0.14533  0.246614 0.223058 0.159512 0.100358 0.059094 0.033028 0.018238 0.009528 0.00524 ]","[0.04208644 0.04163805 0.04144394 0.04134507 0.06559295 0.06552306 0.06548507 0.06545752 0.0949895  0.09494588 0.0949172  0.09489512 0.11341215 0.11337823 0.11335088 0.11332455 0.128534   0.12848952 0.12844467 0.12840065 0.13742613 0.13738587 0.13735379 0.13732995 0.14273356 0.14271321 0.14268995 0.14266662 0.14838606 0.14836813 0.14834565 0.14833602 0.15038057 0.15036611 0.15034635 0.15033115 0.15178672 0.15177476 0.15175982 0.15175487 0.14949244 0.14949 0.14947601 0.14947314 0.14830134 0.14829328 0.14828403 0.14827313 0.15034921 0.15034255 0.15034057 0.15032858 0.14991436 0.14991723 0.14989871 0.14989227 0.14680852 0.14680049 0.1467985  0.1467923 0.14779896 0.14780002 0.14778587 0.14778629]","[0.3362056  0.34559745 0.3489521  0.3506466  0.3635635  0.3643369 0.3647844  0.36508054 0.3735631  0.37377247 0.37399566 0.37420756 0.38000965 0.38028142 0.38034025 0.38040066 0.383602   0.38387078 0.38408634 0.3843494  0.38607672 0.38627428 0.3864452  0.38665977 0.38701758 0.38697645 0.3870408  0.38718137 0.38884073 0.38896534 0.3890208  0.3891675  0.39029    0.3903722  0.39056084 0.39046535 0.39081118 0.39078438 0.39095983 0.39089966 0.39146844 0.39143553 0.39152676 0.39151922 0.39176854 0.39172223 0.39175203 0.39178598 0.39193544 0.3919832  0.39193177 0.3920427  0.39194918 0.39195 0.39210057 0.39215413 0.39201596 0.39208457 0.39219534 0.39218125 0.3922338  0.39238954 0.39233944 0.39219323]"
4,20,"[0.15518743 0.24182138 0.21866053 0.1565664  0.10461424 0.06275169 0.0281267  0.01745627 0.0105051  0.00431026]","[0.14533  0.246614 0.223058 0.159512 0.100358 0.059094 0.033028 0.018238 0.009528 0.00524 ]","[0.04209069 0.04161741 0.0414343  0.04134337 0.07106833 0.07099574 0.07095137 0.07092081 0.09765071 0.09761093 0.09758412 0.09756015 0.11771063 0.11767664 0.11764724 0.11760049 0.12810446 0.12804421 0.12799223 0.12795907 0.13765643 0.13762569 0.13761218 0.13757554 0.14179242 0.14176653 0.14175097 0.14174407 0.14591389 0.14589635 0.14587673 0.14586113 0.14854935 0.14853531 0.14852062 0.14850576 0.14779738 0.14778692 0.14777675 0.14776472 0.15299468 0.15298036 0.15296639 0.15296454 0.15518813 0.15517894 0.1551665  0.15516167 0.15326823 0.15326319 0.15324806 0.15324523 0.15078283 0.15078109 0.15077829 0.15076306 0.15075313 0.15074705 0.15073816 0.15073344 0.15084074 0.15083036 0.150826   0.15081932 0.14935888 0.14934987 0.14934368 0.14933671 0.14936172 0.14935896 0.14935362 0.14934918 0.14912648 0.14911655 0.1491177  0.14915605 0.14873414 0.14873659 0.14872699 0.1487214 ]","[0.3348166  0.34450495 0.3486722  0.3504741  0.36564347 0.3663407 0.36674318 0.36695766 0.37622115 0.37649494 0.37662756 0.37676138 0.3814366  0.38163382 0.38174534 0.38189545 0.38322556 0.38341877 0.38376287 0.38394895 0.3853656  0.3854797  0.3856031  0.3856332 0.3868858  0.38696656 0.38709843 0.38714695 0.38816765 0.38810942 0.38834602 0.38835388 0.38817242 0.3882319  0.38825345 0.38847637 0.3895177  0.3895523  0.38959688 0.38965988 0.39086908 0.3908881 0.3909976  0.39094967 0.3916624  0.39182016 0.39176622 0.39180708 0.39203924 0.39213786 0.39210576 0.3921775  0.3923423  0.39244208 0.3924103  0.3924863  0.39255786 0.39267337 0.39271024 0.39261693 0.39256063 0.39256027 0.3925043  0.39273387 0.39290553 0.3928934 0.39294794 0.39295077 0.39301187 0.39301738 0.39307857 0.39301202 0.39303523 0.3931966  0.3930954  0.39305854 0.39290595 0.39296 0.39296025 0.3930472 ]"
10,1,"[0.16778936 0.15878363 0.13731682 0.12116433 0.10233274 0.08700422 0.07560856 0.05879665 0.04864799 0.04255571]","[0.14533  0.246614 0.223058 0.159512 0.100358 0.059094 0.033028 0.018238 0.009528 0.00524 ]","[0.04206792 0.04166594 0.04147934 0.04135512 0.04129931 0.04126387 0.04124225 0.0412245  0.04120984 0.04119385]","[0.3368533  0.34507766 0.34856814 0.35097232 0.35180166 0.35237968 0.3529405  0.3533289  0.3534242  0.3537522 ]"
10,3,"[0.19045003 0.205061   0.17672468 0.14540521 0.10478765 0.07466065 0.04631377 0.02838574 0.0168205  0.01139077]","[0.14533  0.246614 0.223058 0.159512 0.100358 0.059094 0.033028 0.018238 0.009528 0.00524 ]","[0.04212808 0.04161625 0.04141997 0.041333   0.04128934 0.04126001 0.0412404  0.04122184 0.04120675 0.04119302 0.0687592  0.06872389 0.06870456 0.06868959 0.06867148 0.06865426 0.06863877 0.06862491 0.06860575 0.06859014 0.09568126 0.095637   0.09560761 0.09558486 0.09556403 0.09554244 0.09552213 0.09551184 0.09548636 0.09547791]","[0.33362985 0.34558028 0.34987178 0.35165456 0.35230535 0.35284248 0.35348156 0.3537164  0.3540218  0.35423952 0.37032482 0.3705316 0.3707305  0.37105277 0.3710957  0.37129876 0.37126166 0.37149414 0.3716514  0.37182567 0.37848005 0.37877285 0.3789612  0.37917402 0.37934393 0.37950075 0.37951666 0.37958562 0.37974706 0.37997302]"
10,6,"[0.16686504 0.23305093 0.20219893 0.14708998 0.10390578 0.07400308 0.03710346 0.0180015  0.01093728 0.00684401]","[0.14533  0.246614 0.223058 0.159512 0.100358 0.059094 0.033028 0.018238 0.009528 0.00524 ]","[0.04206028 0.04165793 0.04146673 0.04135623 0.04130397 0.04126867 0.04124315 0.04122507 0.04120853 0.04119578 0.06765681 0.06762295 0.06760541 0.0675899  0.06757389 0.06755933 0.06754238 0.06752978 0.06750818 0.06749108 0.09625097 0.09620038 0.09616467 0.0961374 0.09611336 0.09609065 0.09607617 0.09605692 0.09604199 0.09602809 0.11645367 0.11641888 0.11640509 0.11639192 0.11638913 0.11637209 0.11635463 0.11634524 0.11633325 0.11632202 0.12765593 0.12764242 0.12763083 0.12761983 0.12762342 0.12760049 0.12759535 0.1275873 0.12758322 0.12757531 0.13566459 0.13565113 0.1356436  0.1356404 0.13563838 0.13562556 0.13561946 0.13561413 0.13560867 0.13560469]","[0.33443815 0.3447695  0.34876588 0.35069224 0.3515221  0.35216644 0.35271907 0.3532382  0.35347804 0.35364804 0.36980218 0.3700677 0.3702386  0.37039888 0.37054104 0.37072527 0.3707742  0.37089786 0.37102538 0.37129825 0.37949398 0.38000253 0.3801711  0.3803409 0.38037175 0.38065585 0.38074684 0.38090175 0.38100672 0.38104475 0.38437697 0.38450283 0.38463065 0.3846238  0.3847616  0.3847627 0.38482454 0.38491735 0.38497877 0.3850773  0.38802078 0.38806108 0.38815054 0.38813102 0.3881561  0.3881602  0.38821214 0.38831687 0.3883621  0.38827875 0.389747   0.389805   0.38981873 0.38982743 0.38984218 0.3899687  0.38998803 0.38996735 0.38999423 0.39004123]"
10,12,"[0.14002861 0.23560497 0.23424629 0.15859833 0.10857983 0.05768316 0.03185737 0.01631157 0.01128197 0.0058079 ]","[0.14533  0.246614 0.223058 0.159512 0.100358 0.059094 0.033028 0.018238 0.009528 0.00524 ]","[0.04213438 0.04162072 0.04142925 0.04134379 0.04129889 0.04126644 0.04124368 0.04122538 0.04120732 0.04119356 0.06888043 0.06884282 0.06882173 0.06880989 0.06878715 0.06876421 0.0687419  0.06872138 0.06869874 0.0686802  0.09611518 0.09607172 0.09604917 0.09602631 0.09600702 0.09599094 0.09597223 0.09595734 0.09594542 0.09593006 0.1165977  0.11657155 0.11657341 0.11654467 0.11653382 0.11651215 0.11651678 0.11649569 0.11648438 0.11649047 0.12993736 0.12992086 0.12991472 0.1299015  0.12989161 0.12988602 0.12987676 0.12986995 0.12986566 0.12985498 0.14006813 0.14005377 0.14004147 0.1400455 0.14004092 0.14002625 0.14002235 0.14001549 0.14000872 0.14000172 0.14321234 0.14320545 0.14320056 0.1431944  0.14318745 0.14318315 0.14317902 0.14317448 0.14316754 0.14316501 0.14464102 0.14462415 0.14462514 0.14462508 0.14462065 0.14461239 0.14461029 0.14460159 0.14459943 0.14459783 0.14511479 0.14511287 0.1451059  0.1450979 0.14509659 0.14509477 0.14509623 0.14509104 0.14508515 0.1450854 0.14595758 0.14594929 0.14595397 0.14594727 0.14594215 0.14594261 0.14593415 0.14593299 0.14592861 0.14592795 0.14657895 0.1465803 0.14657286 0.14657154 0.14656674 0.14656837 0.14656454 0.14656123 0.14655904 0.14655467 0.1465614  0.14655895 0.14655306 0.14655325 0.14654816 0.14654564 0.14654648 0.14654485 0.14653947 0.14654194]","[0.33562115 0.3455388  0.34903288 0.35055318 0.35162857 0.35219485 0.35274807 0.35316244 0.35349312 0.35379207 0.37283078 0.37316355 0.37340552 0.37347153 0.37372482 0.3739264  0.37413105 0.37424728 0.37443292 0.37484747 0.3793073  0.37955394 0.37969202 0.37987426 0.38002297 0.38009042 0.3802945  0.38030538 0.38039798 0.38047472 0.38602746 0.38613287 0.38615683 0.3862834  0.38631132 0.38651767 0.38643724 0.38652444 0.3866279  0.38664946 0.38701072 0.38718966 0.38728702 0.38734317 0.38749456 0.38734257 0.3875356  0.38746136 0.38757867 0.38757548 0.388434   0.3886106  0.38861513 0.38861957 0.3886395  0.3885961  0.3886359  0.38870376 0.38875496 0.38879466 0.38885257 0.38895577 0.38899818 0.38907936 0.3890673  0.38911957 0.38915125 0.38911277 0.38912886 0.38911203 0.38957283 0.38962704 0.38965374 0.38961488 0.38968953 0.38969028 0.38965458 0.3897775 0.38974088 0.3897475  0.39121282 0.39119172 0.3911743  0.3911975 0.3913138  0.3912255  0.3912156  0.39121184 0.39128682 0.3913117 0.39188677 0.3918345  0.39183542 0.39192507 0.3919997  0.3919099 0.3920396  0.39196151 0.39196065 0.3919919  0.39284146 0.39277995 0.39291668 0.39283448 0.39282116 0.3929192  0.39291283 0.39297467 0.39290673 0.39294675 0.39327595 0.3931884  0.39323297 0.3931806 0.39327627 0.39324015 0.3932734  0.3933557  0.3933026  0.3932272 ]"
10,16,"[0.14551015 0.2430965  0.22107931 0.16820083 0.09446591 0.06275341 0.03445045 0.0174794  0.0081068  0.00485725]","[0.14533  0.246614 0.223058 0.159512 0.100358 0.059094 0.033028 0.018238 0.009528 0.00524 ]","[0.04206304 0.04162428 0.0414495  0.04134543 0.04129259 0.04125941 0.04123493 0.04121752 0.04120115 0.04118825 0.06831648 0.06828065 0.06825989 0.06824321 0.06822518 0.0682093  0.06819446 0.0681766 0.06815793 0.06814118 0.09696316 0.09691519 0.09688614 0.09686559 0.0968396  0.09682029 0.0968019  0.09679065 0.09677409 0.09675961 0.11648004 0.11645838 0.1164429  0.11643023 0.11641784 0.11640753 0.11639064 0.1163776  0.1163755  0.11635468 0.12693425 0.12692221 0.1269132  0.12690061 0.12688969 0.12687844 0.12687009 0.12686313 0.12685318 0.12684683 0.13613384 0.13613618 0.13611334 0.13611646 0.13610249 0.13609287 0.13608822 0.13608837 0.13607459 0.13607207 0.14125872 0.1412489  0.14124473 0.14123887 0.14123417 0.14123163 0.14122191 0.14122001 0.1412182  0.14120869 0.14597438 0.14598354 0.14596167 0.14596165 0.14594983 0.14594846 0.14594247 0.14597325 0.14593394 0.1459304  0.1457178  0.14571424 0.14570742 0.14570481 0.14570469 0.14569794 0.14569392 0.14569136 0.14569158 0.14568372 0.14744105 0.14743781 0.14743345 0.14743093 0.14742584 0.14742329 0.14742164 0.14741663 0.14741504 0.14741381 0.14671975 0.14680771 0.14672003 0.146711   0.14671629 0.14670533 0.14671065 0.14670518 0.14669958 0.14669976 0.14791357 0.14790731 0.14790847 0.14790416 0.14789914 0.14789961 0.14789793 0.14789638 0.1478918  0.14789094 0.14812083 0.14812132 0.14812281 0.14811724 0.14811467 0.14814644 0.14810993 0.14811652 0.14810854 0.14810616 0.14921769 0.14921213 0.14921049 0.14920875 0.14921182 0.1492011  0.14920318 0.14920274 0.14919699 0.14919511 0.15125994 0.15125738 0.15125604 0.15125161 0.15125382 0.15125078 0.15124922 0.15124438 0.1512421  0.15124406 0.14990791 0.14990729 0.14990576 0.14991603 0.14990103 0.14989894 0.14991028 0.14989783 0.14989517 0.14989696]","[0.33601928 0.3462062  0.34960368 0.3515464  0.3522441  0.35267326 0.3531389  0.3536224  0.35370937 0.3537324  0.37017635 0.37039024 0.37062365 0.37074733 0.37088665 0.37099716 0.37115994 0.3712366 0.3714551  0.37161738 0.37900025 0.37931997 0.37945467 0.3796059 0.3797966  0.38004315 0.3800487  0.3801421  0.38020745 0.3802686 0.38352492 0.38370565 0.38382202 0.38385066 0.38394836 0.38396403 0.3840592  0.3841889  0.3842137  0.3842827  0.3845194  0.38464835 0.38465998 0.3847679  0.38472742 0.38479832 0.38481405 0.38495097 0.38493562 0.38497826 0.38780227 0.38780338 0.3878383  0.38782743 0.3878754  0.38801944 0.38792276 0.3879979  0.38808814 0.38809192 0.39046115 0.3904712  0.39060658 0.3906133  0.39057258 0.39062956 0.39069524 0.39080667 0.39066514 0.39069876 0.39179847 0.39186206 0.39181724 0.3918773  0.39189237 0.39193845 0.3918619  0.39196417 0.39203045 0.391945   0.39263502 0.39270908 0.3926945  0.3927037 0.3927865  0.3928176  0.39278087 0.3927374  0.39275935 0.39285955 0.39307377 0.39313912 0.39317825 0.39319307 0.3931295  0.39326757 0.39323765 0.39321646 0.39327493 0.39319468 0.39334154 0.3933143 0.39334607 0.3933248  0.39338645 0.39342347 0.39330837 0.3934032 0.3933867  0.3933737  0.3935541  0.39343938 0.39347047 0.3934662 0.3935943  0.3935453  0.39360428 0.39353383 0.39365822 0.39361015 0.3935727  0.3935788  0.3935127  0.3935257  0.39355543 0.39355418 0.3935824  0.39357504 0.3935385  0.39353448 0.39340556 0.39350265 0.39351505 0.39356852 0.3934596  0.39350358 0.39348716 0.393517 0.39353925 0.39350936 0.3937628  0.39370212 0.39378893 0.39373615 0.39373296 0.3937235  0.39374527 0.39379296 0.39383316 0.3937757 0.3935638  0.3936366  0.39366552 0.3936521  0.3937127  0.39362186 0.39357254 0.39371043 0.3936135  0.39361557]"
10,20,"[0.14780448 0.24221824 0.21922766 0.15782311 0.10681118 0.06122048 0.03454548 0.01587617 0.00999625 0.00447695]","[0.14533  0.246614 0.223058 0.159512 0.100358 0.059094 0.033028 0.018238 0.009528 0.00524 ]","[0.04207857 0.04165217 0.04145371 0.04134613 0.04129382 0.04126204 0.04123795 0.04121786 0.04120284 0.04118896 0.06814561 0.06810988 0.06809081 0.06807378 0.06805597 0.06804109 0.06802673 0.068008 0.06799063 0.06796735 0.09592257 0.09587923 0.09584931 0.09582403 0.09580258 0.09578434 0.09576763 0.09574844 0.09573738 0.09572333 0.11771513 0.11768908 0.11767228 0.11766025 0.11764782 0.11763299 0.11761828 0.11761061 0.1175992  0.11758907 0.12819775 0.12818861 0.12819045 0.12816724 0.12815964 0.12814837 0.12814304 0.12814272 0.12812281 0.12812425 0.13726622 0.13725547 0.13725111 0.13724206 0.13723411 0.13723376 0.13722334 0.13722059 0.13720691 0.1372037 0.14361291 0.14360817 0.1436028  0.14359714 0.14359161 0.14358832 0.14358359 0.14357764 0.14357298 0.14356806 0.14433656 0.14433482 0.14436675 0.14432    0.14432072 0.14431179 0.14431461 0.14431104 0.14431225 0.14430096 0.14506538 0.14505644 0.14505526 0.14504984 0.14504747 0.14504568 0.14504199 0.14503794 0.14504671 0.14503156 0.1482067  0.14820458 0.14819614 0.14819653 0.14819312 0.14819011 0.14818748 0.14818961 0.14818431 0.14817562 0.14923109 0.14922722 0.14922427 0.1492183  0.14921675 0.1492124  0.14921138 0.14921087 0.14921019 0.14920551 0.14802305 0.14802    0.14801686 0.14801567 0.14801333 0.14801218 0.14800909 0.14800762 0.14800446 0.1480027 0.14695289 0.14695127 0.14696566 0.14694649 0.14694652 0.14694271 0.14694238 0.14694095 0.1469374  0.14693718 0.14515513 0.14515008 0.1451522  0.14515032 0.14519663 0.14513911 0.14514262 0.1451415 0.14514012 0.14513599 0.14638561 0.1463839  0.14638267 0.14637723 0.14637666 0.14637524 0.1463754  0.14637664 0.14637216 0.14637308 0.14840085 0.14838941 0.14839441 0.14839207 0.14838947 0.14838661 0.14838456 0.14838579 0.1483851  0.14838195 0.14859445 0.1485979 0.14859347 0.14859172 0.14859027 0.14859057 0.1485828  0.14858284 0.14858243 0.14858133 0.14947929 0.14948572 0.14947775 0.14947738 0.14947582 0.14947406 0.14947736 0.14947077 0.14947377 0.14947327 0.15072985 0.15072972 0.1507294  0.15072524 0.15072626 0.15072475 0.15072564 0.1507323  0.15071961 0.15071926 0.15076205 0.15075754 0.15075591 0.15078654 0.15075286 0.15075156 0.15074906 0.15075627 0.15074729 0.1507485 ]","[0.33208877 0.34383628 0.34812    0.35042667 0.35162598 0.35226113 0.35268506 0.35300294 0.353422   0.35359308 0.3678117  0.36820197 0.36833468 0.36838922 0.36861375 0.36876917 0.36878055 0.36897954 0.36905864 0.36927286 0.37727228 0.37758428 0.37778702 0.3779819 0.37807345 0.37828743 0.37831348 0.37851274 0.37861437 0.37868658 0.38316634 0.3833091  0.3833567  0.38336003 0.38346872 0.38367012 0.38365963 0.38364524 0.38373035 0.3838624  0.38690707 0.38707775 0.38718063 0.38713872 0.3872107  0.38723993 0.3873238  0.3872929 0.38733754 0.38735566 0.38945067 0.3895838  0.3895864  0.38968542 0.38968384 0.389761   0.38967294 0.38976744 0.38979274 0.38983876 0.390809   0.3908261  0.3909454  0.3908545  0.39087418 0.390915 0.39099458 0.39095864 0.39100388 0.39102063 0.39148495 0.39149424 0.39145002 0.39155793 0.39148295 0.39155886 0.39152995 0.3916639 0.39166534 0.3916191  0.39208525 0.39212838 0.39212134 0.39220026 0.39214674 0.3922193  0.39220765 0.39222348 0.39219517 0.39216936 0.3924771  0.39234513 0.39244533 0.39243177 0.3923444  0.3924346 0.39245364 0.3925327  0.39252728 0.39250875 0.39285436 0.39290178 0.39292365 0.39291793 0.39294425 0.39299855 0.39307588 0.39297205 0.3930184  0.3929904  0.3932458  0.39322484 0.39325014 0.39328316 0.39334404 0.39325106 0.3932773  0.39333904 0.3933082  0.3932931 0.39359438 0.3936552  0.393691   0.3936961  0.3936258  0.3936764 0.39378065 0.39369148 0.39375073 0.3937127  0.39367667 0.3936672 0.39371446 0.39367256 0.39368966 0.39376706 0.39372283 0.3937219 0.39372325 0.39372995 0.39375257 0.393659   0.39376932 0.3937277 0.39371234 0.39370206 0.3936863  0.39379203 0.39374462 0.39373893 0.39372876 0.39380434 0.39373407 0.39378542 0.3937519  0.39375308 0.39378357 0.3938196  0.3937095  0.39377034 0.39391536 0.39391956 0.3939193  0.3939168  0.39397267 0.39392188 0.3941082  0.39401188 0.39395028 0.39395273 0.39394838 0.39390624 0.39391938 0.3938986 0.39396453 0.3939637  0.39389375 0.39399922 0.39382756 0.3939946 0.39410695 0.39413485 0.39409867 0.39412597 0.3941534  0.39416763 0.39418304 0.39416268 0.39417407 0.3941094  0.39408183 0.39414474 0.3940944  0.39417884 0.39412773 0.39415145 0.3941512  0.39422032 0.3941188  0.39405334]"
20,1,"[0.15662596 0.16004196 0.14246468 0.12444665 0.1042663  0.09141372 0.07163341 0.05883653 0.04848618 0.0417846 ]","[0.14533  0.246614 0.223058 0.159512 0.100358 0.059094 0.033028 0.018238 0.009528 0.00524 ]","[0.04203562 0.04163178 0.04144992 0.04134863 0.0412987  0.04126391 0.04123998 0.04122263 0.04120609 0.04119334 0.04118194 0.04117026 0.04116164 0.0411517  0.04114095 0.04113244 0.04112443 0.04111605 0.04110731 0.04109933]","[0.33490866 0.34468818 0.34890386 0.35084742 0.351955   0.35269377 0.35306785 0.3532629  0.35354626 0.35367486 0.35396388 0.35416138 0.3541353  0.35434827 0.35457936 0.35456803 0.35475126 0.35494247 0.35490483 0.3550987 ]"
20,3,"[0.18108085 0.20387975 0.19149301 0.15160338 0.10237899 0.06923488 0.04448774 0.02757944 0.01618637 0.01207558]","[0.14533  0.246614 0.223058 0.159512 0.100358 0.059094 0.033028 0.018238 0.009528 0.00524 ]","[0.04208562 0.04163784 0.04144695 0.04134695 0.04129824 0.04126508 0.04124115 0.04122127 0.04120735 0.04119542 0.04118081 0.04117101 0.04116129 0.04115111 0.0411421  0.04113451 0.04112429 0.04111688 0.0411081  0.04109879 0.06836898 0.06830218 0.06828264 0.068263 0.06824481 0.06822757 0.06820723 0.0681919  0.06817722 0.06816763 0.06815379 0.06814252 0.06813159 0.06812364 0.06811326 0.06810753 0.06809793 0.06809017 0.06808439 0.06807823 0.09826495 0.09824284 0.09823024 0.09822141 0.09821109 0.09820364 0.0981922  0.09818595 0.09817529 0.09817157 0.09815772 0.09815176 0.09815975 0.09813824 0.09813504 0.09812707 0.09812357 0.09811636 0.09811486 0.09810278]","[0.33613136 0.34669155 0.34971678 0.35122257 0.35234576 0.3526296 0.3530857  0.353563   0.35365373 0.35377237 0.35402423 0.35408682 0.3540631  0.3542831  0.35433975 0.35446215 0.35427037 0.3546106 0.35469875 0.35479158 0.37118015 0.3714292  0.3716443  0.37175897 0.3718797  0.37207702 0.37226853 0.37238047 0.37255013 0.37273887 0.37283078 0.3728622  0.37299836 0.37298587 0.37316483 0.37318704 0.373151   0.37325588 0.373465   0.37332508 0.38215426 0.3822889 0.3823012  0.38235652 0.38239437 0.3825828  0.3825596  0.38259906 0.38268343 0.38266733 0.3827931  0.38289523 0.3829345  0.38290069 0.38294834 0.38299167 0.3830343  0.38302383 0.38309035 0.3830225 ]"
20,6,"[0.17173591 0.22736471 0.19062389 0.15897383 0.11271291 0.06793538 0.0340287  0.01924614 0.01060689 0.00677164]","[0.14533  0.246614 0.223058 0.159512 0.100358 0.059094 0.033028 0.018238 0.009528 0.00524 ]","[0.04208859 0.04162078 0.04143331 0.04134157 0.04129299 0.04126166 0.04124024 0.04121737 0.04120341 0.04119013 0.04117877 0.04116858 0.04115601 0.04114825 0.04113663 0.04112874 0.04111935 0.0411137 0.04110625 0.04109782 0.0682703  0.06823915 0.06822058 0.06820024 0.06817996 0.06816428 0.06814429 0.06812999 0.06811375 0.06809983 0.06808986 0.06807636 0.06806727 0.06805704 0.06804765 0.06804044 0.0680304  0.06802251 0.06801414 0.06800536 0.09341561 0.0933983 0.09338712 0.0933841  0.09336702 0.09335564 0.09334913 0.0933418 0.09333601 0.09332849 0.09332011 0.0933142  0.09330862 0.09330264 0.09329415 0.09329134 0.09328428 0.0932787  0.09327385 0.09326682 0.11205003 0.11203372 0.11202833 0.11202311 0.11203286 0.11201075 0.11200633 0.11200326 0.11199612 0.11199035 0.11198489 0.11198083 0.11197551 0.11197117 0.11196637 0.1119611  0.11195737 0.11195345 0.11195101 0.11194826 0.12906341 0.12905079 0.12904338 0.12904053 0.12903705 0.12902953 0.12902642 0.1290245  0.12901883 0.12901352 0.12901336 0.12900972 0.12900661 0.12900073 0.12899623 0.12899242 0.12899063 0.1289856  0.12898512 0.12898852 0.1348152  0.13481003 0.13481032 0.13480628 0.13479987 0.13479753 0.13479885 0.13479495 0.13478977 0.13478858 0.1347861  0.13478268 0.1347817  0.13477466 0.13477179 0.13476804 0.13476759 0.13476876 0.13476442 0.13476261]","[0.33724037 0.34636036 0.34914055 0.35097393 0.35232413 0.3529478 0.35298324 0.35333872 0.35360742 0.3536163  0.3538911  0.35387552 0.3540667  0.3543472  0.3543213  0.35437828 0.35448283 0.3545994 0.35459042 0.35476443 0.370249   0.3704236  0.37058437 0.37078342 0.3709312  0.3710554  0.37133765 0.37145945 0.371407   0.3716602 0.3716467  0.37189126 0.37196985 0.3720951  0.37211815 0.3722146 0.37217897 0.37235332 0.3723534  0.37245217 0.37984133 0.37993532 0.3800166  0.38007718 0.3801203  0.38013482 0.3802285  0.38030958 0.38038522 0.3802815  0.38042963 0.38045067 0.38040164 0.3804385 0.3805141  0.38051566 0.38057634 0.3806086  0.3805521  0.38063282 0.3830937  0.3832203  0.38335067 0.38339925 0.3833787  0.3834296 0.38351437 0.38339037 0.38349319 0.3834698  0.38368437 0.38356832 0.383603   0.38355115 0.3835804  0.38365713 0.3836401  0.3836263 0.38380802 0.38377744 0.3866946  0.38685882 0.38682547 0.38687515 0.38677445 0.38685077 0.3868475  0.38693556 0.38700402 0.38695943 0.3868997  0.38695753 0.38696554 0.38699    0.38701373 0.387092 0.3869472  0.38714293 0.38710514 0.38706517 0.38828963 0.38823593 0.38817015 0.3883636  0.38829324 0.388263   0.38835087 0.3883524 0.3883683  0.3883363  0.3883828  0.38847813 0.3883569  0.3885092 0.38843358 0.3884302  0.38851383 0.38838497 0.388419   0.38843584]"
20,12,"[0.14965356 0.23169072 0.22606702 0.16555837 0.10050121 0.06155968 0.0319039  0.01835953 0.00792624 0.00677976]","[0.14533  0.246614 0.223058 0.159512 0.100358 0.059094 0.033028 0.018238 0.009528 0.00524 ]","[0.04204555 0.04166417 0.04150083 0.04138603 0.04132302 0.04128732 0.0412618  0.04123882 0.04122083 0.04120722 0.04119356 0.04118248 0.04117183 0.04116176 0.04115273 0.04114461 0.04113743 0.04112846 0.04112285 0.0411143  0.07209103 0.07205781 0.07203976 0.07202229 0.07199956 0.07198078 0.07196447 0.07194656 0.07193068 0.07191576 0.07190244 0.07189323 0.07188104 0.07187001 0.07186119 0.07185223 0.0718461  0.07183679 0.07182778 0.0718203  0.09780023 0.09777119 0.09775879 0.09775527 0.09774192 0.09773412 0.09772369 0.09771928 0.0977077  0.09770073 0.09769502 0.09768602 0.09767932 0.09767687 0.09766207 0.09766081 0.09765589 0.09764809 0.09764145 0.0976359 0.11936192 0.119343   0.11933625 0.11933504 0.1193243  0.11931952 0.11931018 0.11930706 0.11930125 0.11929607 0.11929287 0.1192879 0.11928228 0.11927936 0.11929015 0.11926782 0.11926114 0.11925872 0.11925529 0.11925029 0.13076064 0.13075235 0.13074975 0.13074045 0.13073873 0.13073337 0.13073174 0.13073483 0.13072402 0.13072044 0.13071606 0.1307137  0.13071297 0.13070686 0.13070305 0.13069726 0.13069465 0.13069537 0.1306909  0.13068829 0.13824533 0.1382388 0.13823844 0.13823256 0.13823152 0.13822718 0.13823013 0.13822169 0.1382204  0.13821441 0.13821181 0.13820824 0.13821169 0.1382056 0.13820162 0.13819838 0.13819808 0.13819846 0.13819268 0.1381915 0.14199862 0.14200062 0.14199608 0.14199378 0.14199287 0.14198687 0.14198876 0.14198289 0.14198175 0.14197778 0.14198032 0.14197485 0.14197464 0.14197275 0.14197283 0.14196725 0.14196537 0.14196364 0.14196106 0.14195926 0.14291414 0.14291667 0.1429159  0.14291513 0.14291521 0.1429068  0.1429055  0.14291626 0.14290267 0.14290637 0.14290246 0.14289797 0.14290341 0.14289666 0.14289285 0.14290017 0.14289146 0.14289153 0.14288949 0.1428851  0.14308015 0.14307867 0.14307839 0.14307716 0.1430757  0.14306935 0.14307069 0.14307085 0.14306783 0.14307119 0.14306185 0.14306462 0.14306447 0.1430614 0.14306012 0.1430588  0.1430557  0.14305556 0.14308189 0.14309918 0.14464004 0.14463799 0.14464361 0.1446357  0.14463352 0.14463049 0.14462985 0.14463091 0.14463346 0.14463052 0.144624   0.14462195 0.14462145 0.14462452 0.14461936 0.14463363 0.14461561 0.14461736 0.14461755 0.14461391 0.14733736 0.14733913 0.14733132 0.14733745 0.14733588 0.14733304 0.14733053 0.14733339 0.14733168 0.14732694 0.14732278 0.14732813 0.1473269  0.14732349 0.1473207  0.14732154 0.1473228  0.14731738 0.14732151 0.1473187  0.14836414 0.14835801 0.14835793 0.14838225 0.14835849 0.14836029 0.14835411 0.14835406 0.14835585 0.14835115 0.14835024 0.14834896 0.14834745 0.14834603 0.14834601 0.14834997 0.14834152 0.14835236 0.14833897 0.14834401]","[0.3336218  0.34457263 0.34775573 0.35045263 0.35150543 0.3523543 0.35292315 0.35336915 0.3537113  0.35380748 0.3541329  0.35425285 0.3543911  0.35434157 0.35452908 0.35465083 0.35470644 0.35468668 0.3547713  0.354933   0.37284923 0.37313542 0.3732279  0.3734082 0.37362695 0.37378773 0.37385374 0.37415612 0.37421444 0.37429965 0.37449    0.3745086  0.37461364 0.37480634 0.3748546  0.37496075 0.37490913 0.37501723 0.37505642 0.37510476 0.3815978  0.38180733 0.38188124 0.38192865 0.3820105  0.38210768 0.38219482 0.38212803 0.3823353  0.3822786  0.38228613 0.3824243  0.38238248 0.38248873 0.3825385  0.38251653 0.38257176 0.38272724 0.38264766 0.38270947 0.385988   0.38617334 0.38611895 0.3862412  0.38630772 0.38621035 0.38628015 0.3862763  0.38637114 0.38638252 0.38638294 0.38653064 0.38647503 0.38642618 0.38658234 0.38659984 0.3865346  0.38660648 0.38652897 0.38661805 0.38906702 0.3889969  0.38915434 0.38914996 0.38918006 0.3892888  0.38916272 0.38920143 0.38921785 0.38925788 0.38932878 0.38926283 0.38933194 0.38928336 0.38940585 0.38939387 0.38939503 0.38947028 0.38937443 0.38945317 0.39073285 0.39074636 0.39077064 0.3908453  0.3907719  0.39083555 0.3908121  0.39084712 0.39079517 0.39084873 0.39091817 0.39083725 0.39088666 0.39090326 0.3909263  0.3910182  0.39096645 0.39089975 0.39092648 0.3909274 0.39189866 0.39188132 0.39192465 0.39191633 0.3918933  0.39200667 0.39206195 0.3919946  0.39201328 0.392039   0.39202416 0.3920349 0.39197206 0.39205676 0.39203832 0.39202008 0.39209756 0.3920839 0.39208096 0.39198035 0.39242867 0.39238727 0.39232218 0.3923345 0.39238852 0.39240092 0.39241576 0.39234665 0.39242515 0.39244986 0.39246327 0.39245313 0.39246008 0.39248765 0.39243385 0.3925489 0.39243454 0.39242104 0.39251998 0.39256573 0.39286005 0.3929848 0.39292732 0.39287907 0.3929214  0.39292338 0.39289114 0.3929108 0.39293486 0.39297158 0.39298722 0.39288577 0.39296418 0.39305317 0.39299744 0.39293745 0.39298388 0.3929456  0.39296788 0.39307427 0.39308426 0.39315152 0.39314952 0.39313066 0.3931377  0.39307848 0.3931511  0.39309633 0.39313182 0.3930436  0.3931982  0.3931651 0.39322636 0.3931837  0.3931476  0.39313737 0.39328885 0.39319292 0.39326605 0.39323255 0.39336434 0.39336994 0.39335284 0.3933785 0.393347   0.39340588 0.39336222 0.39331615 0.39333868 0.39338988 0.39335963 0.3933852  0.3933785  0.3933454  0.39334482 0.39335236 0.39347744 0.39343998 0.39346653 0.39335796 0.3936532  0.39364392 0.3936301  0.39360136 0.39361542 0.39362773 0.39366838 0.39360428 0.393602   0.39366025 0.3936874  0.39369678 0.39363152 0.3935886 0.39364716 0.39359146 0.39378616 0.39374226 0.39375466 0.3937647 ]"
20,16,"[0.14918006 0.24402029 0.20692021 0.17434604 0.10175978 0.05615544 0.03400381 0.01868187 0.00936522 0.00556729]","[0.14533  0.246614 0.223058 0.159512 0.100358 0.059094 0.033028 0.018238 0.009528 0.00524 ]","[0.04212258 0.04161701 0.04140766 0.04133307 0.04128495 0.041258 0.04123455 0.04121544 0.04120122 0.04118947 0.04117741 0.04116638 0.04115857 0.04114979 0.04114164 0.04113412 0.04112426 0.0411175 0.04110807 0.04110226 0.06936541 0.06933423 0.06931414 0.06929327 0.06927464 0.06925576 0.06926061 0.06922705 0.06920669 0.06919042 0.0691792  0.0691683  0.06915971 0.06914867 0.06913809 0.06912902 0.06911809 0.06911331 0.06910203 0.06909706 0.09328592 0.09326402 0.09325455 0.09324733 0.09323883 0.09323142 0.09321976 0.09321435 0.09320448 0.09319832 0.09319295 0.09318628 0.09317791 0.09317578 0.09316952 0.09316143 0.09315395 0.09315022 0.09314861 0.09313945 0.11447766 0.11446838 0.11445891 0.11445061 0.11445437 0.11443943 0.11443773 0.11443302 0.11442422 0.11441909 0.11441341 0.11441013 0.11440528 0.11439932 0.11439595 0.11439322 0.11439051 0.11438709 0.11438286 0.11437332 0.12894638 0.12893823 0.12894013 0.12892922 0.1289257  0.12892417 0.12891563 0.12892184 0.12890822 0.12890713 0.12890364 0.12889799 0.12889503 0.12889159 0.12889406 0.12888308 0.12888544 0.12888174 0.12887279 0.12888036 0.13699415 0.13698803 0.13699408 0.13698384 0.13699314 0.13697608 0.13697192 0.13697161 0.1369707  0.13696525 0.13696272 0.13696098 0.13695588 0.13695521 0.13697209 0.13694948 0.13694535 0.13694545 0.13694294 0.13694765 0.14233679 0.14233124 0.14232901 0.14232911 0.14232219 0.14231754 0.1423205  0.1423149  0.14231304 0.14231307 0.14230879 0.14231937 0.14229969 0.14230461 0.14230045 0.14229714 0.14229913 0.14229622 0.14229266 0.14229225 0.14346318 0.14346787 0.14346323 0.14345772 0.14346226 0.14345098 0.14345199 0.1434524  0.14345731 0.14345099 0.14344577 0.14344156 0.14344439 0.14343565 0.14343957 0.14343488 0.14343603 0.14343154 0.14342887 0.14342989 0.14587444 0.14587156 0.14587233 0.14587155 0.14587118 0.14586741 0.14586489 0.14586255 0.1458692  0.14586072 0.14585864 0.14585968 0.14585633 0.14585402 0.14585481 0.14585618 0.14585272 0.14584764 0.14584404 0.14584674 0.14609116 0.14607253 0.14607381 0.14607212 0.14606906 0.14606819 0.14606874 0.14608752 0.14606681 0.14606649 0.14606689 0.14606164 0.1460628  0.14606158 0.1460558  0.14605443 0.1460591  0.14605638 0.14605936 0.14605134 0.1480067  0.14800401 0.14800341 0.14800075 0.14799824 0.1479989  0.14799908 0.14799671 0.1479947  0.14799441 0.14799442 0.14799798 0.14799053 0.14799354 0.14798951 0.14798724 0.14798965 0.14798432 0.14799407 0.14798064 0.14784613 0.14784444 0.14784879 0.14784267 0.1478423  0.14784034 0.14783843 0.14784897 0.14783898 0.14783613 0.14783579 0.14783491 0.14783159 0.14783711 0.14783588 0.14782809 0.14782674 0.14782988 0.14782547 0.14782434 0.14814311 0.14813885 0.14814126 0.1481507  0.14813724 0.14813865 0.14813502 0.1481361  0.14813349 0.14813313 0.14813262 0.14813268 0.14812914 0.14812808 0.14812979 0.1481275  0.1481277  0.1481281 0.1481256  0.14812889 0.14878092 0.14878657 0.14878224 0.14878044 0.14878032 0.14878156 0.14878088 0.1487819  0.14877798 0.14878293 0.14877892 0.14877664 0.14877693 0.14877181 0.1487748  0.1487714 0.14877246 0.14877555 0.14876923 0.14877331 0.14957026 0.14957082 0.14956841 0.14956861 0.14957446 0.14956709 0.14957137 0.14957155 0.14956923 0.14956214 0.14956136 0.14956103 0.1495584  0.14957288 0.14955528 0.14956134 0.14955572 0.14955791 0.1495554  0.14955768 0.14914209 0.14913631 0.14913431 0.14913364 0.14913311 0.14915568 0.14913287 0.14913234 0.14912896 0.14913114 0.14912736 0.14912794 0.14912636 0.14912471 0.14912624 0.14912365 0.14912578 0.14912513 0.14912194 0.14912183]","[0.3350403  0.34466103 0.3489429  0.3508737  0.35198766 0.3527479 0.3530491  0.35354942 0.35356042 0.35390994 0.35398862 0.3542469 0.35412952 0.35431033 0.35458052 0.3544697  0.35470426 0.35459796 0.35465056 0.35487193 0.36958495 0.36983636 0.37006047 0.3701869 0.37040433 0.37043858 0.37062216 0.37082532 0.37093407 0.37109065 0.37110943 0.37124658 0.37132138 0.37141606 0.37151173 0.37157935 0.37164637 0.37176198 0.3717825  0.371761   0.37967628 0.37986755 0.37998232 0.38001525 0.37999147 0.38005003 0.38013715 0.3801395 0.38030833 0.38023627 0.38022688 0.38039136 0.3803126  0.38053083 0.38039076 0.3803545  0.38049507 0.3804118  0.38046366 0.38055012 0.38359338 0.3835973  0.38364482 0.38370162 0.3836716  0.38374478 0.38379362 0.38375902 0.38380533 0.38382402 0.38390303 0.3838887 0.3839151  0.3839441  0.3839992  0.38392824 0.38397482 0.38398495 0.38403112 0.3840183  0.38722235 0.387281   0.3872767  0.38725936 0.38737157 0.38734415 0.3874137  0.38736787 0.38746122 0.38741454 0.38742754 0.38746053 0.3874054  0.38741463 0.3875336  0.38752353 0.38755387 0.38752806 0.38752824 0.38751808 0.38995102 0.38995185 0.3899582  0.38997003 0.38998744 0.3900642  0.38997078 0.39001477 0.389991   0.3900316  0.39002416 0.39000478 0.39015493 0.39005163 0.390199   0.39012343 0.39014882 0.3902765  0.39010257 0.39019915 0.39058724 0.39066917 0.39072666 0.39067882 0.39064455 0.3906768 0.3906552  0.3907083  0.39065066 0.39065996 0.39074543 0.39074683 0.39073837 0.3907326  0.39079025 0.3908727  0.3907155  0.39080223 0.39082316 0.39086848 0.3912171  0.39111656 0.39119768 0.39120722 0.391258   0.39124793 0.3912936  0.39117914 0.3911691  0.39130634 0.39118302 0.39120528 0.39123806 0.39124963 0.39125907 0.39127475 0.39133716 0.39128077 0.39131948 0.39135885 0.39131513 0.39135367 0.39132962 0.39139035 0.39134017 0.3913117  0.39125463 0.39132795 0.39137226 0.39142564 0.391373   0.39135703 0.39139432 0.3913685 0.39135292 0.39138368 0.39144734 0.39139825 0.39150456 0.3914218 0.39215228 0.39227024 0.39222842 0.39226487 0.39234614 0.39228624 0.39227265 0.39233273 0.39227408 0.39232385 0.39223754 0.3924203 0.3922565  0.3923257  0.39233986 0.3924289  0.3922906  0.3922775 0.39226377 0.39231724 0.3928634  0.39269894 0.39284155 0.39285 0.3928753  0.39279848 0.39275232 0.39279637 0.39284715 0.39287713 0.39272115 0.39278263 0.3928743  0.39280006 0.3928924  0.3928418 0.39286894 0.3929404  0.39281362 0.3928484  0.39319625 0.3932703 0.3932143  0.39329806 0.39322266 0.39319786 0.39335653 0.39317617 0.3932716  0.39333466 0.3933933  0.3933706  0.3933169  0.3933469 0.39327124 0.39340958 0.39339298 0.3933567  0.393302   0.3932592 0.39364827 0.3937126  0.39363384 0.3936548  0.39362976 0.39371058 0.39376438 0.39370197 0.3936769  0.3936862  0.39372686 0.39366168 0.39368305 0.39361247 0.39373255 0.3936857  0.39372417 0.3937431 0.39372543 0.39373398 0.39372122 0.39374948 0.39374703 0.39373204 0.3937442  0.3937757  0.39373815 0.3936837  0.3937536  0.39374384 0.393711   0.39372316 0.39369193 0.39384547 0.39380518 0.39377007 0.39378375 0.39372995 0.39378944 0.39374518 0.3937204  0.39368948 0.3936294  0.39378005 0.3937628  0.39377987 0.3937524  0.39370114 0.3937252  0.39375073 0.39372912 0.39367658 0.39373407 0.39370516 0.3937244  0.39367718 0.39377436 0.39377812 0.39378557 0.3938103 0.39300156 0.39293277 0.39296585 0.39298564 0.39296293 0.39290243 0.392914   0.3929796  0.39299032 0.3929596  0.3929781  0.39305443 0.39300364 0.39302024 0.39295748 0.3929817  0.39301145 0.39302978 0.39300752 0.39302352]"
20,20,"[0.14361769 0.25126615 0.20855611 0.16961625 0.09986952 0.05811638 0.03572138 0.01907013 0.00853323 0.00563315]","[0.14533  0.246614 0.223058 0.159512 0.100358 0.059094 0.033028 0.018238 0.009528 0.00524 ]","[0.04215702 0.04164491 0.0414639  0.0413564  0.04130195 0.04126659 0.04124349 0.04122268 0.04120763 0.04119395 0.04118105 0.04117055 0.04116105 0.04115154 0.04114434 0.04113608 0.04112767 0.04111738 0.04111016 0.04110248 0.06970763 0.06967432 0.06965679 0.06963334 0.06961656 0.06959759 0.06957801 0.06956131 0.06954339 0.06953149 0.06952022 0.0695036  0.06949477 0.0694862  0.06947768 0.06946857 0.06946146 0.06944997 0.06944212 0.06943299 0.09915771 0.09912379 0.0991122  0.09909972 0.09909524 0.09908129 0.09907296 0.09906222 0.09905617 0.09905198 0.09904145 0.09903049 0.09902697 0.09902293 0.09901671 0.09900829 0.09900095 0.09900107 0.09899435 0.09898536 0.11901964 0.11900292 0.11899919 0.11899028 0.11898985 0.11898075 0.11897607 0.11897062 0.11896531 0.11896559 0.1189607  0.1189539 0.11894886 0.11894619 0.11893497 0.11893689 0.11893257 0.11893418 0.11892484 0.11891847 0.13107947 0.13103837 0.13102895 0.13102412 0.13102129 0.13101937 0.13101639 0.13102182 0.13100783 0.13100317 0.13100139 0.13099841 0.13099399 0.13099278 0.13098949 0.13098606 0.13098179 0.13097684 0.13097538 0.13097345 0.13607349 0.13607243 0.13606759 0.13606262 0.13606207 0.13605729 0.13605505 0.13606036 0.13604888 0.13604987 0.13605414 0.13604334 0.13604638 0.13604183 0.13603871 0.13603572 0.13603158 0.13603342 0.13603137 0.13602795 0.13947982 0.1394533  0.13945909 0.13945728 0.1394535  0.13944688 0.13944957 0.13944707 0.13945365 0.13944413 0.13943793 0.13943508 0.13943736 0.13943581 0.13943076 0.13943115 0.13942682 0.13942485 0.13941978 0.13942295 0.14274132 0.14273764 0.14274101 0.14273166 0.14273093 0.14273039 0.14272827 0.14273112 0.14272524 0.14272717 0.14272314 0.14272131 0.14272778 0.14271602 0.1427161  0.14271616 0.14270965 0.14270937 0.1427256  0.14270484 0.14401895 0.144019 0.14401892 0.14401833 0.14401363 0.14401402 0.1440123  0.14400905 0.14401252 0.14400859 0.14400172 0.14400443 0.14399918 0.14399959 0.1440671  0.14399373 0.14399864 0.14399846 0.14399059 0.14399432 0.14629492 0.14628953 0.14629508 0.14628883 0.14628766 0.14628609 0.14628804 0.14628552 0.14628292 0.14628044 0.14628082 0.14627788 0.14627602 0.14628079 0.14627696 0.14633462 0.14627406 0.14627307 0.14627155 0.1464003  0.14751451 0.1475206  0.14751763 0.14751683 0.14751481 0.14751169 0.14751634 0.14750727 0.14750901 0.14751001 0.14750841 0.14750646 0.14750878 0.14750179 0.1475055  0.14750151 0.14750281 0.14749868 0.14750491 0.14749801 0.15045266 0.15044957 0.1504495  0.1504468  0.15045113 0.1504462  0.15044401 0.15044642 0.15044076 0.15044501 0.15043936 0.15044112 0.15043455 0.15043815 0.15043734 0.15043888 0.15043456 0.15044234 0.15043406 0.15043763 0.15037909 0.15038505 0.15037487 0.15037565 0.15037675 0.15037513 0.15037418 0.15037276 0.15036855 0.15036736 0.15037045 0.15036973 0.15036879 0.15036464 0.15036824 0.15036965 0.15036804 0.15038469 0.15036442 0.15035978 0.14988602 0.14988343 0.14988468 0.14988324 0.14987714 0.14988083 0.14987998 0.149879   0.1498787  0.14987558 0.14987795 0.14987736 0.14987408 0.14987549 0.14987053 0.14987182 0.14987143 0.14986915 0.14987039 0.14986917 0.14900963 0.14901163 0.14900944 0.14900336 0.14900249 0.14900412 0.14900443 0.14900148 0.14900368 0.14899932 0.14900075 0.14900058 0.14900042 0.14899916 0.14900654 0.14899709 0.14899647 0.14899764 0.14899871 0.14899493 0.14912864 0.14913008 0.14912762 0.14912649 0.1491258  0.14912365 0.14912566 0.14912437 0.14912459 0.14912658 0.14912179 0.14912313 0.14912414 0.14912379 0.14911699 0.14911814 0.14912412 0.14911919 0.14911895 0.14911586 0.15026554 0.1502664  0.15026133 0.1502651 0.15026717 0.15026165 0.15026578 0.15026449 0.15026438 0.15026208 0.15025853 0.15025901 0.15025927 0.15026067 0.15025662 0.15025634 0.15027568 0.15026112 0.15025792 0.15025526 0.1502646  0.15026462 0.15026456 0.15026213 0.15026312 0.15026182 0.15026185 0.15025815 0.15026089 0.150262   0.15025942 0.15025999 0.15026051 0.15025665 0.15025846 0.15026268 0.150252   0.15025416 0.15025366 0.15025506 0.14933077 0.14933066 0.14932837 0.14932799 0.1493247  0.14933349 0.1493281  0.14932685 0.14932596 0.1493257  0.14932562 0.1493304 0.1493195  0.14932578 0.14932456 0.14932367 0.14932262 0.14932617 0.14932091 0.1493217  0.14924961 0.14921816 0.14922287 0.14922209 0.14922399 0.14921807 0.1492174  0.14921956 0.14922003 0.1492195 0.1492178  0.1492135  0.14921765 0.14923814 0.14921253 0.14921574 0.14921475 0.1492136  0.1492132  0.14921404]","[0.32938215 0.34447494 0.34799826 0.35083148 0.35208955 0.35247076 0.35288814 0.3533854  0.35356644 0.35379633 0.35395545 0.35414645 0.35425478 0.35435355 0.35453066 0.3545636  0.35480136 0.35479182 0.3549427  0.35506    0.37244722 0.372697   0.37283012 0.37299758 0.37318224 0.3733049  0.3735544  0.37359756 0.37374777 0.37392196 0.37398344 0.37409094 0.3741923  0.3743421  0.37427625 0.37443528 0.37444115 0.37462822 0.37466082 0.3745312  0.38147163 0.38165393 0.38179877 0.38187167 0.38188347 0.3819671  0.38212126 0.38205615 0.3821216  0.3821944  0.38215762 0.38227683 0.3823648  0.38240007 0.38221508 0.38237083 0.38238174 0.3824635  0.3824526  0.38254914 0.38552922 0.3856347  0.38561007 0.38562196 0.3856062  0.38561887 0.38570306 0.3858476  0.38581574 0.38574806 0.38584414 0.38582495 0.38589418 0.38585547 0.38597333 0.3859065  0.38589692 0.38588762 0.3859544  0.38594922 0.3890072  0.38908607 0.3890739  0.3891906 0.38909084 0.38927934 0.38920167 0.38919783 0.3892527  0.38935944 0.38923165 0.38930297 0.3893977  0.38937107 0.38933688 0.38934216 0.3893006  0.3894366  0.3894003  0.38940609 0.39080942 0.390804 0.39080918 0.39079887 0.3907841  0.3909585  0.39092153 0.39091456 0.39094415 0.3909572  0.39088374 0.3909171  0.3909332  0.39092648 0.39096853 0.39099258 0.39107433 0.390915   0.39098185 0.3909293 0.3908612  0.39096335 0.3908989  0.39092237 0.39094213 0.3909484 0.390967   0.39094874 0.39098227 0.3910936  0.3910177  0.39100832 0.39109963 0.39102575 0.39105567 0.39107174 0.39108482 0.3910894 0.39103195 0.39113936 0.3921923  0.3922028  0.3922032  0.39225757 0.39224678 0.39218956 0.39228204 0.39222315 0.39233214 0.39218378 0.39230415 0.39232796 0.3923319  0.39226136 0.3922398  0.39229754 0.3922513  0.3922218  0.39233986 0.39233088 0.39261767 0.39262766 0.39258233 0.39263192 0.39269108 0.39268044 0.39270163 0.39271033 0.39264154 0.3927235  0.3926816  0.39271075 0.39264506 0.39271486 0.39274168 0.3926826  0.3926667  0.3927079  0.39280367 0.39281666 0.39251897 0.3925963  0.39250106 0.3925431  0.3927121  0.39254504 0.39257377 0.39251304 0.39255407 0.39266384 0.39258718 0.39255133 0.3926723  0.3925653  0.39264038 0.3926536  0.39253908 0.3926036 0.39265496 0.39269382 0.3926542  0.3926055  0.39265463 0.3925994 0.39266652 0.39266568 0.39262915 0.3926981  0.39260805 0.3926459 0.39266577 0.39270672 0.39262146 0.39268804 0.39265177 0.39268562 0.39266494 0.39268845 0.39262456 0.39267975 0.39274436 0.39283448 0.39287153 0.39287195 0.39292732 0.39276302 0.39287212 0.39286283 0.39282295 0.39289072 0.39284632 0.39288628 0.3929027  0.39288694 0.39289933 0.39289567 0.39288443 0.39279327 0.39302042 0.3928238 0.39280307 0.3926939  0.39282453 0.39277494 0.3927328  0.3927378 0.39270052 0.39276713 0.39279765 0.39273018 0.39278516 0.39276084 0.3928231  0.39281765 0.39287564 0.39281315 0.39281958 0.39273682 0.3928319  0.39279932 0.3931314  0.3931439  0.39312765 0.39312002 0.39313585 0.39308333 0.39310628 0.3931507  0.39311156 0.39311475 0.39310494 0.3931195  0.39315897 0.3931882  0.39311206 0.39321586 0.39324144 0.3931165  0.39310652 0.3931217  0.39374244 0.39370984 0.39368144 0.3937425  0.3936998  0.3936875  0.3937343  0.39379907 0.3937394  0.3937251  0.39377746 0.39374837 0.3937401  0.39376983 0.39373037 0.39378223 0.39373407 0.39377177 0.39371955 0.39372742 0.39316678 0.39316955 0.39314777 0.39314565 0.39312372 0.39306012 0.3931893  0.39312816 0.39320716 0.39315277 0.39316115 0.3931037 0.39315504 0.39317003 0.39315623 0.39321193 0.39314666 0.39317188 0.393177   0.39318025 0.393662   0.39353716 0.3936424  0.39366478 0.39360622 0.39361483 0.39354035 0.3935379  0.3935829  0.39360586 0.3936461  0.39347458 0.39353734 0.39359206 0.3935954  0.3935126 0.39356104 0.39353096 0.39361954 0.39361557 0.39412415 0.39410177 0.3941242  0.39413252 0.39403182 0.39410704 0.39407003 0.3941348 0.39415514 0.39411744 0.39412522 0.39404228 0.39414197 0.3941708 0.39410555 0.39404917 0.3940887  0.39425996 0.39403215 0.3941346 0.3939957  0.39404848 0.39397544 0.39399302 0.394008   0.3939198 0.39406776 0.39391527 0.39392918 0.3939827  0.39396998 0.3940335 0.39406028 0.39402595 0.39397332 0.39396453 0.3939734  0.39401096 0.39403734 0.39405268 0.39360327 0.39370397 0.39362463 0.3937039 0.39380375 0.39376062 0.39365697 0.39366737 0.3937214  0.39363402 0.39372668 0.39367616 0.39365974 0.39374462 0.3937141  0.39360276 0.39368144 0.3937447  0.39372417 0.39378056]"
14,1,"[0.15255147 0.15607661 0.14475109 0.12680221 0.10928144 0.08993572 0.0696997  0.05895219 0.04889262 0.04305697]","[0.146354 0.244992 0.224394 0.159418 0.10059  0.058626 0.032992 0.017822 0.009736 0.005076]","[0.04209564 0.04169731 0.04150182 0.04139035 0.04133772 0.04130232 0.04128009 0.04126129 0.04124377 0.04123131 0.04121891 0.04120831 0.04119911 0.04119091]","[0.3339964  0.34473217 0.34873933 0.35098782 0.3519064  0.35256827 0.3532085  0.35354674 0.35379198 0.3539406  0.35427365 0.354354 0.35423115 0.35453168]"
14,3,"[0.17370568 0.22467213 0.18072121 0.14004196 0.10466417 0.07077732 0.04597615 0.02869623 0.01898241 0.01176273]","[0.146354 0.244992 0.224394 0.159418 0.10059  0.058626 0.032992 0.017822 0.009736 0.005076]","[0.04217368 0.04168821 0.04148972 0.04138327 0.04132917 0.04129585 0.04127271 0.04125366 0.04123704 0.04122701 0.04121141 0.04120381 0.04119163 0.04118335 0.07080101 0.07077171 0.07075421 0.07074114 0.07072402 0.0707083  0.07069084 0.0706713  0.07064985 0.07063266 0.07060944 0.07059297 0.07058062 0.07056061 0.09581977 0.09579256 0.09577255 0.09575753 0.09574646 0.09573078 0.09572098 0.09571112 0.09570116 0.09569464 0.09568281 0.09567313 0.09566636 0.09565492]","[0.33559257 0.34497252 0.34937805 0.35129103 0.35233814 0.35285622 0.35335028 0.3534261  0.35375535 0.3539375  0.35402706 0.35399842 0.3542688  0.3542303  0.37376788 0.3740049  0.37424543 0.37428236 0.37442505 0.37460777 0.37464356 0.37476394 0.37501413 0.3750789 0.37535587 0.37553984 0.37571797 0.37576488 0.3821158  0.38231093 0.3825632  0.38262856 0.38262838 0.38280526 0.38277557 0.38288242 0.38291273 0.38302097 0.3829376  0.3829698  0.38311037 0.38321075]"
14,6,"[0.17266009 0.21840029 0.1999421  0.1638804  0.10508492 0.06976346 0.03354877 0.01939242 0.0111841  0.00614344]","[0.14645  0.245842 0.224086 0.159472 0.099628 0.058514 0.033064 0.018248 0.009692 0.005004]","[0.04210158 0.0416587  0.04146949 0.04136658 0.04131752 0.04128954 0.04126307 0.04124407 0.04122848 0.04121243 0.04120023 0.04119114 0.04118072 0.04117082 0.06807192 0.06804039 0.06802479 0.06800912 0.06799379 0.06797781 0.06795996 0.06793921 0.06791832 0.06790049 0.06788037 0.06786501 0.06785195 0.06783915 0.09417248 0.09414047 0.09412515 0.09411004 0.09409615 0.09408329 0.0940706  0.09405981 0.09404834 0.0940354  0.09402924 0.09401892 0.09400927 0.09400081 0.11662974 0.11661183 0.11661007 0.1165906  0.11658177 0.11657534 0.11656407 0.11655627 0.11654982 0.11653844 0.11653566 0.11652903 0.11651887 0.11651364 0.12907252 0.12906125 0.12906221 0.12905289 0.1290449  0.12903704 0.12902825 0.12902577 0.12902393 0.12901716 0.12901721 0.12900384 0.1289998  0.12899409 0.13604723 0.13604292 0.13603591 0.13603379 0.13602615 0.13602053 0.13602064 0.13601241 0.1360087  0.13600556 0.13600074 0.13600376 0.13599454 0.13599269]","[0.33817932 0.34571758 0.3494242  0.35132188 0.35202914 0.35282314 0.35328168 0.3537918  0.35373315 0.35395485 0.35398427 0.35403854 0.35424405 0.3544991  0.36968884 0.37000686 0.37008923 0.37018472 0.3704122  0.37045008 0.37075812 0.3708383  0.37102154 0.37121943 0.37144053 0.37158647 0.37173283 0.37174976 0.37771127 0.3779374 0.3780382  0.37820098 0.37828752 0.37837532 0.37840816 0.37866345 0.37873048 0.37878242 0.37878224 0.3788011  0.37890357 0.37888062 0.38427928 0.38443017 0.3844348  0.38447952 0.38452467 0.38456514 0.38462532 0.38459036 0.38466543 0.38479906 0.38473892 0.38479504 0.3849266  0.3848929  0.3869084  0.38694218 0.38698944 0.3869975 0.38712206 0.38710764 0.38716227 0.38708067 0.387139   0.38713136 0.3871947  0.38718984 0.38710865 0.3872767  0.38785088 0.38788673 0.3879365  0.38796481 0.38792065 0.38806644 0.38791546 0.38800496 0.38802204 0.38794687 0.3880267  0.38799858 0.3880492  0.3880263 ]"
14,12,"[0.14590386 0.23654559 0.22961628 0.15296344 0.10871883 0.06079292 0.02877859 0.02151627 0.00990503 0.00525919]","[0.14645  0.245842 0.224086 0.159472 0.099628 0.058514 0.033064 0.018248 0.009692 0.005004]","[0.04205628 0.04164591 0.04143661 0.04134911 0.04130578 0.04127709 0.04125568 0.0412391  0.0412226  0.04120994 0.04119839 0.04118849 0.04117741 0.04116922 0.07129005 0.07125725 0.0712379  0.0712189 0.07120023 0.07117731 0.07115862 0.07113084 0.07111421 0.07109766 0.07107912 0.07106474 0.07105377 0.07103811 0.0957884  0.09576102 0.09574778 0.09573297 0.09572335 0.09571147 0.0956983  0.09568792 0.09567989 0.09566888 0.09565678 0.09564791 0.09564127 0.09563105 0.11613762 0.11611374 0.1161067  0.11609942 0.11609202 0.11608298 0.11607578 0.11607325 0.11606301 0.11605807 0.11604792 0.11604085 0.11603532 0.11603008 0.12847891 0.12847056 0.12846571 0.12845968 0.12845111 0.12844405 0.12844819 0.12843407 0.12843026 0.12843129 0.12842014 0.12841875 0.12841176 0.12840966 0.13599651 0.13598812 0.13598427 0.13598006 0.13597997 0.13596982 0.13596487 0.13596259 0.13596292 0.13595623 0.1359506  0.13594724 0.13594634 0.1359429 0.14006224 0.14005555 0.14005009 0.14004827 0.14004233 0.14004157 0.1400393  0.14003395 0.1400329  0.14003102 0.14002736 0.14002143 0.14001775 0.14001595 0.14515985 0.14515372 0.14515172 0.14515381 0.14514862 0.14514373 0.14513914 0.14514153 0.14513806 0.14513269 0.14513087 0.14512701 0.1451281  0.14512269 0.14768541 0.14768249 0.14768412 0.1476762  0.14767457 0.14767353 0.14767075 0.14766305 0.14766333 0.14766286 0.1476596  0.1476566  0.14765409 0.147654 0.14825354 0.14825062 0.14824893 0.14824686 0.14824196 0.14824206 0.14824003 0.14823505 0.14823406 0.14823283 0.14823274 0.14823084 0.14822798 0.14822672 0.14892905 0.1489255  0.14892377 0.14892013 0.14891783 0.14891642 0.14891607 0.14891344 0.14890951 0.14891048 0.14890751 0.14890727 0.14891885 0.14890074 0.14770126 0.14769954 0.14769567 0.14769418 0.14770031 0.14769512 0.14769036 0.1476878 0.14769227 0.14768412 0.14768564 0.14768387 0.14768138 0.14768105]","[0.334031   0.34582758 0.34956974 0.35093176 0.35204682 0.3525383 0.35286754 0.3529825  0.35330305 0.3533253  0.35349464 0.35362467 0.35348812 0.35374975 0.37325278 0.37356344 0.3736815  0.37383196 0.3740871  0.37442145 0.37457705 0.37482744 0.37495086 0.37513325 0.37520337 0.37526897 0.37544677 0.3756706  0.38113725 0.38123116 0.38137662 0.3814339  0.38144588 0.38141826 0.38167915 0.3815839 0.3816969  0.3818132  0.38187528 0.3818799  0.3820659  0.38203588 0.3859535  0.3860855  0.38610488 0.38620207 0.38613713 0.38626298 0.3863197  0.38632488 0.3863567  0.38637525 0.3864267  0.38654086 0.38640195 0.38657498 0.3897568  0.38971692 0.3897512  0.3897665 0.38983566 0.38994557 0.38994834 0.38998896 0.38991398 0.38998184 0.39007416 0.3899716  0.3900816  0.39007023 0.3908561  0.39095983 0.39098018 0.39104167 0.39102718 0.39104828 0.39098436 0.39098704 0.39104134 0.39113432 0.39115384 0.39120838 0.39115855 0.39114815 0.3918245  0.39184746 0.3918065  0.3918902  0.3919118  0.39178532 0.39184782 0.3919641  0.39189917 0.39187896 0.39198187 0.3919222 0.39195454 0.39192355 0.39265117 0.39280057 0.3927772  0.39278573 0.39280653 0.392775   0.39279327 0.39273596 0.39279586 0.39286113 0.39288652 0.39276144 0.39285854 0.3928991  0.39301413 0.39307955 0.39313543 0.3931376  0.39309138 0.39315847 0.39314583 0.39315975 0.39312622 0.3932632  0.39316627 0.39318773 0.39319208 0.3932069 0.39287388 0.39292607 0.39286423 0.39292222 0.39287052 0.39284807 0.39289716 0.3930035  0.39291552 0.39286515 0.39301336 0.3929239 0.3928992  0.3928732  0.39324722 0.39337513 0.3932869  0.39336082 0.39331934 0.39336842 0.3933536  0.3933179  0.39342993 0.39334187 0.3933527  0.39344937 0.39337957 0.39343277 0.3932735  0.3933614 0.39335352 0.39341635 0.39332882 0.3933966  0.3934062  0.39340907 0.39345682 0.39347267 0.39339492 0.3935112  0.39340857 0.39342254]"
14,16,"[0.15648433 0.23806376 0.21751827 0.16830066 0.09178037 0.06084118 0.03558344 0.01736377 0.00873728 0.00532694]","[0.14645  0.245842 0.224086 0.159472 0.099628 0.058514 0.033064 0.018248 0.009692 0.005004]","[0.04205889 0.04162837 0.04143179 0.04135627 0.04131158 0.04127939 0.04125947 0.04124076 0.04122553 0.0412145  0.04120377 0.04119156 0.04118213 0.04117328 0.07053575 0.07050679 0.07049162 0.07047708 0.0704653  0.07045459 0.0704382  0.07042187 0.0704074  0.07038943 0.07036788 0.07034947 0.07032819 0.07031243 0.09829796 0.09826634 0.09824843 0.09823378 0.09821709 0.09820761 0.09819435 0.09818294 0.09817083 0.09816066 0.0981538  0.09814134 0.09813044 0.09811905 0.11843624 0.11841593 0.11841385 0.11839325 0.11838489 0.11838565 0.11836599 0.11836003 0.11835491 0.11834593 0.11833781 0.11833237 0.11832138 0.11831697 0.13068064 0.13062026 0.13061378 0.1306052 0.13059608 0.13059501 0.13058936 0.13057755 0.1305747  0.13057276 0.13056518 0.13055813 0.13055469 0.13055092 0.13908796 0.13907987 0.13907165 0.1390682  0.13906215 0.13906407 0.13905507 0.13905297 0.13904308 0.13904218 0.13904381 0.13902959 0.13902675 0.13903268 0.14341742 0.14342101 0.14341304 0.14341203 0.14341152 0.14340906 0.14339904 0.14339886 0.14339533 0.14338916 0.14338518 0.14338122 0.14338415 0.14337773 0.1482649  0.14826425 0.14825844 0.14825511 0.14825288 0.14825211 0.1482493  0.14824815 0.14823961 0.14824498 0.14823646 0.14823081 0.1482308  0.14823293 0.1505192  0.15051931 0.15052015 0.15051297 0.15051325 0.1505125  0.15050218 0.15050196 0.15049963 0.15049995 0.15049789 0.15049546 0.15048574 0.15048776 0.14819793 0.14819599 0.14818987 0.1481881  0.1481995  0.14818284 0.14818395 0.14818634 0.14820342 0.14817255 0.14817662 0.14817523 0.14817285 0.14817213 0.14854385 0.14854616 0.14853793 0.14853777 0.1485362  0.14853375 0.14853119 0.14852979 0.14852805 0.14852889 0.14852556 0.14852217 0.14852094 0.14851971 0.1483971  0.14839696 0.14839444 0.14839276 0.1483898  0.14838855 0.14838664 0.14839991 0.14838406 0.14838391 0.1483795  0.14838424 0.14837904 0.14837692 0.1508647  0.15086263 0.15085564 0.15085608 0.15087618 0.15085564 0.15085622 0.15085438 0.15085209 0.15084804 0.15084392 0.15084579 0.15084275 0.15084278 0.15029917 0.15029746 0.15029832 0.15030448 0.15028923 0.15029184 0.15036225 0.15028042 0.1502881  0.15028448 0.15028125 0.15028529 0.15028254 0.15030334 0.14983788 0.1498416 0.14983776 0.1498391  0.14983393 0.14983426 0.1498294  0.14982998 0.14983293 0.14982964 0.1498317  0.14982613 0.14982814 0.1498248 0.15102492 0.15102074 0.15101845 0.15101796 0.1510184  0.15101558 0.15101455 0.15101519 0.15101285 0.15102152 0.15100947 0.1510086 0.15101033 0.15100642]","[0.33737996 0.34673887 0.34997332 0.3516372  0.3521157  0.3528916 0.3531384  0.35348266 0.3536466  0.35357994 0.3537872  0.35425192 0.35419446 0.35424793 0.37289026 0.37330902 0.37333617 0.37338498 0.3734841  0.37364554 0.37379754 0.3739377  0.3740605  0.3741248 0.3743313  0.37448195 0.3746949  0.37493762 0.38045964 0.38059258 0.38073477 0.38091338 0.3810002  0.38095704 0.38108513 0.38122532 0.3811818  0.3813571  0.3813967  0.38138416 0.38144782 0.38158742 0.38481262 0.3849502  0.38499108 0.38501891 0.3850313  0.38515154 0.38511953 0.3852504  0.38521102 0.3853088  0.38539332 0.3853683 0.3854937  0.38551155 0.3881591  0.38822418 0.38824305 0.38828662 0.3883105  0.38827422 0.38841656 0.38840786 0.38842937 0.38844162 0.38843247 0.38844195 0.38845685 0.38857305 0.39069927 0.3906913 0.39069322 0.3907455  0.3907761  0.39091146 0.39083943 0.3908318 0.3909009  0.3908311  0.39089555 0.39096692 0.39097765 0.3909708 0.39165345 0.39165738 0.39168486 0.39166173 0.39169517 0.3917208 0.3917116  0.3916987  0.39175138 0.39170864 0.39186063 0.39183608 0.39185417 0.39184967 0.3920445  0.39202332 0.39214876 0.39209732 0.39210552 0.392084   0.39209807 0.39210057 0.39218786 0.392197 0.39217898 0.39212722 0.39218962 0.39223656 0.39280292 0.3928584 0.3929099  0.39280385 0.3929207  0.3928717  0.39285317 0.3929233 0.39291912 0.39287353 0.39292237 0.39297307 0.3929899  0.3929392 0.3929657  0.3931078  0.39305937 0.39314768 0.39307502 0.39303818 0.39302543 0.39302754 0.39311776 0.39308107 0.3931966  0.39310285 0.39316753 0.39313737 0.39317095 0.39313594 0.3932612  0.39315933 0.3931376  0.39325115 0.39323297 0.39316058 0.3932019  0.39319408 0.39326948 0.39328876 0.3932705  0.39321956 0.39343008 0.39332947 0.39341    0.39345413 0.39341292 0.39342314 0.39337638 0.39336222 0.3934415  0.39349905 0.39345598 0.39346117 0.39347342 0.39345908 0.39364272 0.39358786 0.39361408 0.39365563 0.39367834 0.39359564 0.39373028 0.39364642 0.3937048  0.3936888  0.39372787 0.39371663 0.39373505 0.3937432  0.39344802 0.39338118 0.39341694 0.3933873 0.3933654  0.39333802 0.39335746 0.3934157  0.39335412 0.39336365 0.39338687 0.39348355 0.39343762 0.39339063 0.39369318 0.39372736 0.39378566 0.39378065 0.3937385  0.39374703 0.39371964 0.3937328 0.39368773 0.39370656 0.39371765 0.39384365 0.39384943 0.3937901 0.39338788 0.3934274  0.39341787 0.39334732 0.3933934  0.39341727 0.3933852  0.39344326 0.39342675 0.39350784 0.39343396 0.39336482 0.3934162  0.39348212]"
14,20,"[0.14550411 0.24293409 0.22081742 0.17208087 0.09728744 0.05488265 0.03560623 0.01561061 0.01041377 0.00486281]","[0.14645  0.245842 0.224086 0.159472 0.099628 0.058514 0.033064 0.018248 0.009692 0.005004]","[0.04212125 0.04164581 0.04144859 0.04135816 0.04131098 0.04128002 0.04126099 0.04124253 0.04122503 0.04121116 0.04120036 0.04118774 0.041179   0.04116909 0.07042364 0.07038856 0.07036924 0.0703476 0.07032469 0.07030306 0.07028277 0.07026464 0.07024497 0.07022889 0.07021436 0.07019984 0.07018809 0.07017594 0.09951589 0.09948521 0.09946928 0.09945935 0.09944357 0.09943413 0.09941955 0.09941069 0.09939553 0.09938671 0.09937945 0.09936898 0.09936137 0.09935344 0.11787893 0.1178638  0.11785629 0.11784567 0.11784192 0.1178304 0.1178355  0.11781024 0.11780817 0.11779657 0.11779256 0.11778428 0.11778268 0.11777716 0.13012533 0.13011798 0.13010827 0.13024473 0.13009139 0.13008718 0.13009487 0.13007685 0.13007174 0.13006736 0.1300604  0.13005584 0.13005714 0.13004629 0.13772103 0.13769949 0.13769869 0.13769863 0.13768671 0.13768244 0.13768075 0.13768166 0.13766985 0.13768242 0.13765781 0.13765706 0.13765174 0.13764813 0.14145995 0.14143478 0.14143435 0.14142168 0.1414227  0.14141981 0.14141534 0.14143169 0.14140628 0.14140268 0.141403   0.14140146 0.14139411 0.1413927  0.14601606 0.14601075 0.14601944 0.14600211 0.14600401 0.14599703 0.14599546 0.14600487 0.14599002 0.14598487 0.14600967 0.14598214 0.14598061 0.14599316 0.14887418 0.14887718 0.14886975 0.14886846 0.14889621 0.14886136 0.14885641 0.14885703 0.14885604 0.14885283 0.14885303 0.148847   0.14884967 0.14884432 0.14890516 0.14890794 0.14890705 0.14890371 0.14893174 0.14889771 0.14890441 0.14889215 0.14889387 0.14889032 0.1488898  0.14889471 0.14888407 0.14889177 0.14956269 0.14956158 0.14955702 0.14955311 0.14955422 0.14955268 0.1495509  0.14954732 0.14954602 0.14954481 0.1495441  0.14954053 0.14953612 0.14955394 0.15149438 0.15149129 0.15149222 0.15148682 0.15150733 0.1514848  0.15148356 0.15148142 0.15148007 0.15147812 0.15147394 0.15147429 0.15147504 0.1514711 0.1514206  0.15142004 0.15141898 0.15141934 0.15142085 0.15141541 0.15141494 0.15141471 0.15140956 0.15141035 0.15140811 0.15140936 0.15140679 0.15144311 0.15226442 0.15226831 0.15226587 0.15226524 0.15226509 0.15225686 0.15226126 0.15226023 0.15225804 0.15225787 0.15225234 0.15225323 0.15226337 0.15225507 0.15165879 0.15166033 0.1516584  0.1516572  0.15165572 0.15165503 0.15165274 0.15165209 0.15165356 0.15164622 0.15164678 0.15168177 0.15164354 0.15164275 0.15060718 0.15060608 0.15061052 0.15059678 0.15060238 0.15060331 0.15060064 0.15059743 0.15059791 0.15059645 0.15059425 0.15059607 0.15059152 0.15059356 0.15244155 0.15243954 0.15244354 0.15244019 0.15243935 0.15243724 0.15242947 0.15243436 0.15243315 0.15243348 0.15244385 0.15242769 0.1524304  0.15242984 0.15234252 0.15234233 0.15234172 0.15234271 0.15234201 0.15234686 0.15233601 0.15233596 0.15233769 0.15233461 0.15233621 0.15233518 0.15233629 0.15233136 0.15033924 0.15033702 0.15033589 0.15035151 0.15033442 0.15033582 0.15034815 0.15032783 0.15032968 0.1503377  0.15035043 0.15033006 0.15033017 0.15032631 0.15032095 0.15031827 0.15031732 0.15031583 0.1503201  0.15031427 0.15031638 0.15031345 0.15031465 0.15031252 0.15031107 0.15031103 0.15031047 0.15030906]","[0.33393908 0.3453249  0.3483437  0.35028315 0.35152477 0.3521574 0.35265833 0.35308823 0.35346314 0.35358974 0.3537944  0.35403728 0.35409302 0.35413247 0.3733477  0.37362286 0.3738303  0.37399384 0.37428078 0.37427667 0.37452593 0.37462336 0.3748514  0.37492883 0.3751144  0.37537146 0.37534824 0.3754527  0.38132784 0.3814499 0.38167554 0.38163567 0.38181445 0.38187167 0.3819991  0.382087 0.38215786 0.38223544 0.38225088 0.3822481  0.3822233  0.38232595 0.3849538  0.3850975  0.3852187  0.38519225 0.38526464 0.38522944 0.3853547  0.385331   0.38544467 0.3854281  0.3854064  0.38547242 0.38544545 0.3855464  0.38831577 0.38835055 0.38835022 0.38836747 0.38844755 0.38836354 0.38845232 0.38848534 0.38846055 0.38854557 0.38855606 0.38860247 0.3887112  0.3886928  0.388609   0.38872546 0.38863832 0.38872546 0.38873902 0.38879734 0.38880178 0.38879132 0.3888539  0.38872755 0.3888885  0.38882834 0.38890275 0.38895628 0.39033338 0.390261   0.3903587  0.39029962 0.39032695 0.39023587 0.39036313 0.39031872 0.39037663 0.3903654  0.39044237 0.39037192 0.39053848 0.39049935 0.3919482  0.39202568 0.3919393  0.39199334 0.39206865 0.39208934 0.39207202 0.39206934 0.39217582 0.39211422 0.39213577 0.39212212 0.3921434  0.39219886 0.3931491  0.3931671 0.39324805 0.39325407 0.39318997 0.39326572 0.39333132 0.39313468 0.39325574 0.39333752 0.3932525  0.39338216 0.393252   0.39329556 0.3934998  0.39354363 0.39344668 0.3935328  0.3934166  0.39346865 0.393521   0.39352193 0.39355978 0.39348832 0.3934973  0.39354697 0.39363268 0.39355654 0.3935763  0.393659   0.39363778 0.39360318 0.39359078 0.3936511  0.39368227 0.39370123 0.39366618 0.39365396 0.39365572 0.39367196 0.39375827 0.39362422 0.39385185 0.3937979 0.39387774 0.39381272 0.3938392  0.3938299  0.39383066 0.39386392 0.39384103 0.39384013 0.39392003 0.39395365 0.39382252 0.39393488 0.3939827  0.39407387 0.39403784 0.39399636 0.39400533 0.39404798 0.39408016 0.39409062 0.3941011  0.3940799  0.3940929  0.39412397 0.3940908  0.39408058 0.39407656 0.39396295 0.39402252 0.39398062 0.39398706 0.39401665 0.3940426  0.39401054 0.39394695 0.3940216 0.39398256 0.39404655 0.3940421  0.3940366  0.39395916 0.39406726 0.39403498 0.3939962  0.39408734 0.3940545  0.3939956  0.39401573 0.3940896  0.39404118 0.39406028 0.39399144 0.39412197 0.39405972 0.39421847 0.39417264 0.39424604 0.39428064 0.39423305 0.39422157 0.39428148 0.39425072 0.39416185 0.39425048 0.39421764 0.39421815 0.3942675  0.39413252 0.39401925 0.39409724 0.39399806 0.39400116 0.3940958  0.39406952 0.39423472 0.39408946 0.3940944  0.39401037 0.39416343 0.39417952 0.39411357 0.39403006 0.39417878 0.39417255 0.39421237 0.39418018 0.3942049  0.39417383 0.39425215 0.39420357 0.39430872 0.39434063 0.39420483 0.39418304 0.3942705  0.39430386 0.39429933 0.39430317 0.39432713 0.39437088 0.39427713 0.39438972 0.39433402 0.39431825 0.3943537  0.3943625  0.39440078 0.39437404 0.39437371 0.39440817 0.39411694 0.39400232 0.3939956  0.39406028 0.3940519  0.39413026 0.39414608 0.39411384 0.39405227 0.39413035 0.3940576  0.3941878  0.39412138 0.39415187]"
8,1,"[0.15258476 0.15382015 0.13802169 0.12179437 0.10973561 0.09384682 0.07717939 0.06048377 0.04974627 0.04278717]","[0.145506 0.246146 0.224026 0.159942 0.10025  0.058528 0.032902 0.018092 0.00945  0.005158]","[0.04209478 0.04169168 0.04149834 0.04138459 0.0413293  0.04129741 0.04127109 0.04125267]","[0.3339869  0.34475988 0.3485132  0.3505913  0.35171613 0.35234272 0.35276523 0.35331854]"
8,3,"[0.18296496 0.20442651 0.17698223 0.14285452 0.10915938 0.07941621 0.04757221 0.03019892 0.01505961 0.01136545]","[0.145506 0.246146 0.224026 0.159942 0.10025  0.058528 0.032902 0.018092 0.00945  0.005158]","[0.04207014 0.04164492 0.0414308  0.04134911 0.04130273 0.04127216 0.04125069 0.04123513 0.07046254 0.0704214  0.07040037 0.07038143 0.07036566 0.07034858 0.07033164 0.07031926 0.09742848 0.09739309 0.09735986 0.09732813 0.09729571 0.09726899 0.09723651 0.09721059]","[0.33383366 0.34483227 0.3493403  0.35113227 0.35201022 0.35272577 0.35298836 0.35330805 0.3702082  0.37051383 0.37069076 0.37087056 0.37110513 0.3710284  0.37134284 0.37136874 0.3790342  0.3792278 0.37943876 0.3796286  0.37988773 0.38008162 0.3801715  0.3805046 ]"
8,6,"[0.16865492 0.22331676 0.21933672 0.14861894 0.10253358 0.06735406 0.03485044 0.01940685 0.01088338 0.00504435]","[0.14702  0.24689  0.223732 0.158328 0.100112 0.0577   0.03288  0.018248 0.009858 0.005232]","[0.04200021 0.04161953 0.04142478 0.04133511 0.04128561 0.041253 0.0412288  0.04120814 0.07175302 0.07170898 0.07168665 0.07166553 0.07164694 0.07162982 0.07161243 0.07159584 0.09708119 0.09704388 0.09701198 0.0969807  0.09695313 0.09692477 0.09690096 0.09687764 0.11804416 0.11800834 0.11798671 0.11796798 0.11794661 0.11792935 0.11791253 0.11790037 0.13435548 0.13434457 0.13432136 0.13430824 0.13429374 0.13428006 0.13426841 0.1342594  0.14137841 0.141369 0.14135511 0.14135052 0.1413409  0.14133001 0.14132296 0.14131459]","[0.33599338 0.3462259  0.34949026 0.35082227 0.35181132 0.3525579 0.35308838 0.3534824  0.37144372 0.37192377 0.37213072 0.37227833 0.37236455 0.37262854 0.37269858 0.37274927 0.3792855  0.37967443 0.3797645  0.38006836 0.38033414 0.38045436 0.38051793 0.38070863 0.38500533 0.38520357 0.38533056 0.38552922 0.38561642 0.38568923 0.38570347 0.38586316 0.38773677 0.3878787  0.38784552 0.38796616 0.38801885 0.3881157  0.3881793  0.38833052 0.38851842 0.38854775 0.3886534  0.3886788  0.38867065 0.38871297 0.38878578 0.38879836]"
8,12,"[0.15524601 0.2463998  0.20334177 0.17280633 0.10507142 0.05597036 0.0285492  0.01727735 0.00925605 0.00608171]","[0.14702  0.24689  0.223732 0.158328 0.100112 0.0577   0.03288  0.018248 0.009858 0.005232]","[0.04203318 0.041603   0.04140501 0.04131418 0.04127248 0.04124376 0.04122329 0.04120284 0.0680738  0.06803562 0.06801429 0.06799258 0.06798005 0.0679633  0.06794841 0.06793419 0.09687639 0.09684375 0.09681989 0.09678724 0.09675692 0.09672563 0.09669854 0.09667157 0.11562351 0.11558822 0.11556557 0.11554365 0.11552509 0.11550217 0.11548763 0.1154723  0.12767266 0.12767015 0.12763835 0.12762723 0.12760684 0.12759697 0.12758959 0.12757724 0.13652776 0.13651519 0.13650248 0.13649685 0.13648737 0.13647759 0.13646706 0.13645951 0.14305452 0.14304607 0.14303446 0.14302576 0.14301792 0.14300909 0.14300263 0.14299803 0.14401403 0.14401255 0.144002   0.14399937 0.14401475 0.14398665 0.14397954 0.14397811 0.1427936  0.14278843 0.14279789 0.1427749  0.14277689 0.14276793 0.14276358 0.14275822 0.14342402 0.14342178 0.14341239 0.14341031 0.1434069  0.14341584 0.14339993 0.14339432 0.1447273  0.14472402 0.14472075 0.14470929 0.14471429 0.14470789 0.14470237 0.14469896 0.14606315 0.14603381 0.14604031 0.14603152 0.14602913 0.1460287  0.14602049 0.14602198]","[0.3361539  0.34623083 0.34991995 0.35170633 0.35264686 0.35308102 0.35342383 0.3536725  0.370107   0.37036502 0.37063363 0.37072647 0.37086663 0.3710305  0.37101072 0.3713389  0.376976   0.37714767 0.37739903 0.37753928 0.37780192 0.37794328 0.37811694 0.37828276 0.38248396 0.38265368 0.38275212 0.38279736 0.38301226 0.38307226 0.383167   0.38329142 0.38576758 0.38582212 0.38587883 0.38603047 0.38611192 0.38614342 0.38613948 0.38619033 0.38876384 0.38877398 0.38884434 0.38885137 0.38898787 0.38895032 0.388995   0.3891081 0.3892848  0.38939956 0.3893911  0.3894319  0.38945025 0.38950437 0.3895614  0.38958046 0.38945118 0.38945636 0.38947028 0.3894433 0.38951343 0.38954493 0.3895616  0.38956043 0.38993776 0.38996407 0.38991004 0.3899532  0.39002028 0.38999525 0.39002162 0.39006025 0.39010733 0.3901033  0.39016575 0.3901598  0.39020613 0.3903163 0.3901645  0.3901892  0.3898906  0.3899097  0.3899873  0.38999534 0.39000154 0.3899303  0.38997942 0.39001057 0.39093375 0.39091164 0.39090294 0.39095715 0.39096284 0.3909687  0.39106345 0.3910968 ]"
8,16,"[0.14975702 0.25036356 0.21106109 0.15004326 0.11527208 0.05839135 0.03212224 0.01730919 0.01110313 0.00457709]","[0.146396 0.247164 0.223018 0.158172 0.10066  0.05873  0.03282  0.018184 0.009688 0.005168]","[0.04208093 0.04169314 0.04150339 0.0413992  0.0413454  0.04130652 0.04128391 0.04126416 0.06792072 0.06788067 0.06785778 0.06784004 0.06782341 0.06780561 0.06778868 0.06777447 0.09579986 0.09575945 0.09572888 0.09569357 0.09565988 0.09562629 0.09559982 0.09557701 0.1153792  0.11534695 0.11532523 0.11530868 0.11529267 0.11527389 0.11526241 0.11523569 0.13126838 0.13124781 0.1312327  0.13121674 0.13120359 0.131191   0.1311794  0.13116484 0.13736545 0.13734907 0.13734874 0.13733272 0.13732474 0.1373131  0.13730403 0.13729509 0.1404801  0.14047001 0.14046293 0.14045696 0.14044579 0.14043605 0.14043616 0.14042896 0.14344713 0.14343871 0.14343698 0.14342632 0.14342114 0.14341629 0.14341372 0.14340434 0.14451066 0.14450513 0.14449759 0.14449453 0.14449162 0.14448885 0.1444825  0.1444775 0.14580729 0.14580139 0.14580798 0.14579514 0.14579506 0.14579884 0.14578456 0.14577915 0.14795179 0.14794662 0.14794225 0.14793962 0.14793596 0.14793058 0.14792942 0.14793097 0.15001082 0.15000415 0.15000434 0.15000146 0.14999796 0.1499951  0.14999144 0.14998735 0.14924273 0.14923848 0.14923955 0.14923846 0.1492416  0.149246 0.14922465 0.14922864 0.15057751 0.15057083 0.15056216 0.15056445 0.15055539 0.1505537  0.15055461 0.15055135 0.15147182 0.15146702 0.15146486 0.15146466 0.1514879  0.15145286 0.15145447 0.15145628 0.15034092 0.15033697 0.15033381 0.15033428 0.15033021 0.15032804 0.15033065 0.1503219 ]","[0.3330949  0.34355327 0.34812328 0.35039818 0.35114852 0.3520149 0.3525345  0.35295108 0.36660326 0.36709648 0.36727443 0.36748773 0.36765337 0.36782405 0.36799026 0.36806768 0.37482518 0.37507603 0.37520146 0.37545907 0.37565622 0.37599954 0.37612018 0.37636426 0.38141707 0.38157928 0.3816417  0.38182133 0.3818984  0.38203597 0.3822316  0.38228488 0.38650987 0.38668105 0.38665766 0.38679212 0.38681635 0.38695157 0.3869457  0.38704365 0.3894046  0.38946223 0.38938046 0.38954443 0.38959643 0.38957173 0.38976443 0.3897253 0.39045846 0.39061597 0.39053974 0.39050522 0.3905978  0.3907687 0.39074248 0.3907588  0.39159933 0.391554   0.3916695  0.39170244 0.39172247 0.39177784 0.39182484 0.3918788  0.39191633 0.3920323 0.3920255  0.39206496 0.39198354 0.39203966 0.39207092 0.3921656 0.3921045  0.39215326 0.39210913 0.39215663 0.3921226  0.39217195 0.3921329  0.392175   0.39276713 0.39280173 0.39284497 0.39279798 0.39281186 0.39268285 0.3929145  0.3928241  0.39287925 0.39294627 0.39295262 0.39292833 0.3930039  0.39295313 0.39303675 0.39300525 0.39326864 0.39332822 0.39332503 0.3933026  0.3934039  0.39346185 0.39340723 0.39339063 0.39315882 0.393303   0.3932668  0.39325565 0.3933485  0.39336818 0.3932137  0.3932839  0.39329076 0.39330417 0.39336115 0.39338392 0.39338252 0.39335686 0.3932616  0.39338076 0.39312696 0.39315805 0.3930953  0.39312714 0.3931398  0.393129 0.39310166 0.39312872]"
8,20,"[0.14008634 0.24336252 0.22769483 0.15854621 0.09867019 0.0655762 0.03051834 0.02033649 0.00725681 0.00795207]","[0.146194 0.246214 0.224756 0.15946  0.099148 0.058132 0.0332   0.018232 0.009606 0.005058]","[0.04212011 0.04166956 0.04146398 0.04136243 0.04131252 0.04127833 0.04125596 0.04123569 0.0681718  0.06813323 0.06811287 0.06809245 0.0680759  0.06805839 0.06804365 0.06802531 0.09696561 0.0969258 0.09689755 0.09686493 0.0968369  0.09681229 0.096785   0.09676604 0.11811956 0.11808784 0.11806172 0.11804302 0.118026   0.11800658 0.11798548 0.11797929 0.12840539 0.12839102 0.12837552 0.12835966 0.12834529 0.12834108 0.12832587 0.12831386 0.13909098 0.13908487 0.13906716 0.13905874 0.13905309 0.13903769 0.1390358  0.13902065 0.14488661 0.14488604 0.14487823 0.14486603 0.14485616 0.14485361 0.14484457 0.1448366  0.14620968 0.14618623 0.14618085 0.1461777 0.14617601 0.14616114 0.14615888 0.1461567  0.14817525 0.14816761 0.14815923 0.14815424 0.14815194 0.14814653 0.14814079 0.14813631 0.14887825 0.1488833  0.14886303 0.14886717 0.14885806 0.14885138 0.14885765 0.14884052 0.15094912 0.15094556 0.15094199 0.15093696 0.15093297 0.15093549 0.15092313 0.15092229 0.1510236  0.1510111 0.15101418 0.15101026 0.15100668 0.15099874 0.15099871 0.15099143 0.14931683 0.14931451 0.14930901 0.14930996 0.14930551 0.14930089 0.14929982 0.14930367 0.14703827 0.14703915 0.14705238 0.14703451 0.14702809 0.14702813 0.14702567 0.14702358 0.14741153 0.1474065 0.14740266 0.14740475 0.14740415 0.14739719 0.14739694 0.14739242 0.14735373 0.14734866 0.14734371 0.14734065 0.14733941 0.14733848 0.14733488 0.14733286 0.14751749 0.14751056 0.14751252 0.14750627 0.14750649 0.14750505 0.14750213 0.14749889 0.14863219 0.14862861 0.14862925 0.14862642 0.14862338 0.14862297 0.14862149 0.14861674 0.14587157 0.14587149 0.14587072 0.14586808 0.14586541 0.14586806 0.14586128 0.14586093 0.14389134 0.14388992 0.14388796 0.14388631 0.14388719 0.14388767 0.14388071 0.14388464]","[0.33375475 0.34426942 0.34831548 0.35046127 0.35144553 0.35219395 0.3528723  0.35318986 0.37149465 0.37167326 0.37186512 0.37206653 0.37231094 0.37231672 0.37252206 0.37266162 0.37999204 0.38030547 0.38047528 0.38067862 0.38092512 0.38094372 0.38127297 0.3814217 0.38375473 0.38400942 0.384083   0.38431582 0.38430786 0.384463 0.38464198 0.38463494 0.3857675  0.38586995 0.3858822  0.38597342 0.3860515  0.3861906  0.38614106 0.3862529  0.38965836 0.38966918 0.38986278 0.38981888 0.38984168 0.38996574 0.3899768  0.38997614 0.39131773 0.3913793  0.3913779  0.39139766 0.39140946 0.39148796 0.39144683 0.39147666 0.39149684 0.39149392 0.39156178 0.39159924 0.39161205 0.3916759  0.3916981  0.3917134  0.3920959  0.39203706 0.39215145 0.3921423  0.3921971  0.39216182 0.39226857 0.39217255 0.39255232 0.39261207 0.39259782 0.39261702 0.3926062  0.39275607 0.39268428 0.39270782 0.39308214 0.39304522 0.3931073  0.39297408 0.39308518 0.3930592  0.3931423  0.39315882 0.3932374  0.3933308 0.39332888 0.39335117 0.39332077 0.393274   0.39328843 0.39345145 0.39342037 0.39345917 0.39339072 0.39338243 0.3934785  0.3934564 0.39347056 0.39347064 0.39329153 0.39331606 0.3932487  0.39323556 0.3933496  0.39333534 0.39331868 0.3934878  0.39342684 0.3934378 0.39349303 0.39340103 0.39343512 0.39347625 0.39341828 0.39358634 0.39357227 0.393486   0.39356542 0.39348054 0.3936166  0.39351445 0.393585   0.39361316 0.39337328 0.39333382 0.39338702 0.39349487 0.39337924 0.3933655  0.39339635 0.39340565 0.3933959  0.39331457 0.39338192 0.39342022 0.393318   0.39339322 0.39338276 0.39339885 0.39319944 0.39321175 0.393242   0.39318454 0.39329562 0.3931682 0.39325365 0.39324722 0.39354178 0.39341897 0.3934523  0.3934953 0.3934755  0.39350533 0.39359078 0.39344937]"
